ISO-10303-21;
HEADER;
FILE_DESCRIPTION(('FreeCAD Model'),'2;1');
FILE_NAME('Open CASCADE Shape Model','2025-01-08T14:54:34',(''),(''),
  'Open CASCADE STEP processor 7.7','FreeCAD','Unknown');
FILE_SCHEMA(('AUTOMOTIVE_DESIGN { 1 0 10303 214 1 1 1 1 }'));
ENDSEC;
DATA;
#1 = APPLICATION_PROTOCOL_DEFINITION('international standard',
  'automotive_design',2000,#2);
#2 = APPLICATION_CONTEXT(
  'core data for automotive mechanical design processes');
#3 = SHAPE_DEFINITION_REPRESENTATION(#4,#10);
#4 = PRODUCT_DEFINITION_SHAPE('','',#5);
#5 = PRODUCT_DEFINITION('design','',#6,#9);
#6 = PRODUCT_DEFINITION_FORMATION('','',#7);
#7 = PRODUCT('1.00u (18x17 - Concave)','1.00u (18x17 - Concave)','',(#8)
  );
#8 = PRODUCT_CONTEXT('',#2,'mechanical');
#9 = PRODUCT_DEFINITION_CONTEXT('part definition',#2,'design');
#10 = ADVANCED_BREP_SHAPE_REPRESENTATION('',(#11,#15),#2641);
#11 = AXIS2_PLACEMENT_3D('',#12,#13,#14);
#12 = CARTESIAN_POINT('',(0.,0.,0.));
#13 = DIRECTION('',(0.,0.,1.));
#14 = DIRECTION('',(1.,0.,-0.));
#15 = MANIFOLD_SOLID_BREP('',#16);
#16 = CLOSED_SHELL('',(#17,#127,#158,#205,#236,#283,#463,#485,#502,#519,
    #531,#562,#593,#624,#655,#695,#726,#757,#788,#819,#859,#877,#895,
    #913,#931,#949,#967,#985,#1003,#1026,#1044,#1062,#1079,#1096,#1114,
    #1132,#1143,#1166,#1184,#1202,#1219,#1236,#1254,#1272,#1283,#1423,
    #1459,#1492,#1528,#1561,#1761,#1779,#1933,#2107,#2281,#2435,#2453));
#17 = ADVANCED_FACE('',(#18,#52),#122,.F.);
#18 = FACE_BOUND('',#19,.T.);
#19 = EDGE_LOOP('',(#20,#30,#38,#46));
#20 = ORIENTED_EDGE('',*,*,#21,.T.);
#21 = EDGE_CURVE('',#22,#24,#26,.T.);
#22 = VERTEX_POINT('',#23);
#23 = CARTESIAN_POINT('',(-7.7,-7.2,6.05));
#24 = VERTEX_POINT('',#25);
#25 = CARTESIAN_POINT('',(7.7,-7.2,6.05));
#26 = LINE('',#27,#28);
#27 = CARTESIAN_POINT('',(-7.7,-7.2,6.05));
#28 = VECTOR('',#29,1.);
#29 = DIRECTION('',(1.,0.,0.));
#30 = ORIENTED_EDGE('',*,*,#31,.T.);
#31 = EDGE_CURVE('',#24,#32,#34,.T.);
#32 = VERTEX_POINT('',#33);
#33 = CARTESIAN_POINT('',(7.7,7.2,6.05));
#34 = LINE('',#35,#36);
#35 = CARTESIAN_POINT('',(7.7,-7.2,6.05));
#36 = VECTOR('',#37,1.);
#37 = DIRECTION('',(0.,1.,0.));
#38 = ORIENTED_EDGE('',*,*,#39,.T.);
#39 = EDGE_CURVE('',#32,#40,#42,.T.);
#40 = VERTEX_POINT('',#41);
#41 = CARTESIAN_POINT('',(-7.7,7.2,6.05));
#42 = LINE('',#43,#44);
#43 = CARTESIAN_POINT('',(7.7,7.2,6.05));
#44 = VECTOR('',#45,1.);
#45 = DIRECTION('',(-1.,0.,0.));
#46 = ORIENTED_EDGE('',*,*,#47,.T.);
#47 = EDGE_CURVE('',#40,#22,#48,.T.);
#48 = LINE('',#49,#50);
#49 = CARTESIAN_POINT('',(-7.7,7.2,6.05));
#50 = VECTOR('',#51,1.);
#51 = DIRECTION('',(-0.,-1.,-0.));
#52 = FACE_BOUND('',#53,.T.);
#53 = EDGE_LOOP('',(#54,#64,#73,#81,#90,#98,#107,#115));
#54 = ORIENTED_EDGE('',*,*,#55,.F.);
#55 = EDGE_CURVE('',#56,#58,#60,.T.);
#56 = VERTEX_POINT('',#57);
#57 = CARTESIAN_POINT('',(-7.552717143,-8.25,6.05));
#58 = VERTEX_POINT('',#59);
#59 = CARTESIAN_POINT('',(7.552717143,-8.25,6.05));
#60 = LINE('',#61,#62);
#61 = CARTESIAN_POINT('',(-7.552717143,-8.25,6.05));
#62 = VECTOR('',#63,1.);
#63 = DIRECTION('',(1.,0.,0.));
#64 = ORIENTED_EDGE('',*,*,#65,.T.);
#65 = EDGE_CURVE('',#56,#66,#68,.T.);
#66 = VERTEX_POINT('',#67);
#67 = CARTESIAN_POINT('',(-8.75,-7.052717143,6.05));
#68 = ELLIPSE('',#69,1.357847561,1.25);
#69 = AXIS2_PLACEMENT_3D('',#70,#71,#72);
#70 = CARTESIAN_POINT('',(-7.444961686,-6.944961686,6.05));
#71 = DIRECTION('',(0.,0.,-1.));
#72 = DIRECTION('',(0.707106781187,0.707106781187,0.));
#73 = ORIENTED_EDGE('',*,*,#74,.F.);
#74 = EDGE_CURVE('',#75,#66,#77,.T.);
#75 = VERTEX_POINT('',#76);
#76 = CARTESIAN_POINT('',(-8.75,7.052717143,6.05));
#77 = LINE('',#78,#79);
#78 = CARTESIAN_POINT('',(-8.75,7.052717143,6.05));
#79 = VECTOR('',#80,1.);
#80 = DIRECTION('',(-0.,-1.,-0.));
#81 = ORIENTED_EDGE('',*,*,#82,.T.);
#82 = EDGE_CURVE('',#75,#83,#85,.T.);
#83 = VERTEX_POINT('',#84);
#84 = CARTESIAN_POINT('',(-7.552717143,8.25,6.05));
#85 = ELLIPSE('',#86,1.357847561,1.25);
#86 = AXIS2_PLACEMENT_3D('',#87,#88,#89);
#87 = CARTESIAN_POINT('',(-7.444961686,6.944961686,6.05));
#88 = DIRECTION('',(0.,-0.,-1.));
#89 = DIRECTION('',(0.707106781187,-0.707106781187,0.));
#90 = ORIENTED_EDGE('',*,*,#91,.F.);
#91 = EDGE_CURVE('',#92,#83,#94,.T.);
#92 = VERTEX_POINT('',#93);
#93 = CARTESIAN_POINT('',(7.552717143,8.25,6.05));
#94 = LINE('',#95,#96);
#95 = CARTESIAN_POINT('',(7.552717143,8.25,6.05));
#96 = VECTOR('',#97,1.);
#97 = DIRECTION('',(-1.,0.,0.));
#98 = ORIENTED_EDGE('',*,*,#99,.T.);
#99 = EDGE_CURVE('',#92,#100,#102,.T.);
#100 = VERTEX_POINT('',#101);
#101 = CARTESIAN_POINT('',(8.75,7.052717143,6.05));
#102 = ELLIPSE('',#103,1.357847561,1.25);
#103 = AXIS2_PLACEMENT_3D('',#104,#105,#106);
#104 = CARTESIAN_POINT('',(7.444961686,6.944961686,6.05));
#105 = DIRECTION('',(-0.,0.,-1.));
#106 = DIRECTION('',(-0.707106781187,-0.707106781187,0.));
#107 = ORIENTED_EDGE('',*,*,#108,.F.);
#108 = EDGE_CURVE('',#109,#100,#111,.T.);
#109 = VERTEX_POINT('',#110);
#110 = CARTESIAN_POINT('',(8.75,-7.052717143,6.05));
#111 = LINE('',#112,#113);
#112 = CARTESIAN_POINT('',(8.75,-7.052717143,6.05));
#113 = VECTOR('',#114,1.);
#114 = DIRECTION('',(0.,1.,0.));
#115 = ORIENTED_EDGE('',*,*,#116,.T.);
#116 = EDGE_CURVE('',#109,#58,#117,.T.);
#117 = ELLIPSE('',#118,1.357847561,1.25);
#118 = AXIS2_PLACEMENT_3D('',#119,#120,#121);
#119 = CARTESIAN_POINT('',(7.444961686,-6.944961686,6.05));
#120 = DIRECTION('',(0.,0.,-1.));
#121 = DIRECTION('',(-0.707106781187,0.707106781187,0.));
#122 = PLANE('',#123);
#123 = AXIS2_PLACEMENT_3D('',#124,#125,#126);
#124 = CARTESIAN_POINT('',(0.,0.,6.05));
#125 = DIRECTION('',(0.,0.,1.));
#126 = DIRECTION('',(-1.,0.,0.));
#127 = ADVANCED_FACE('',(#128),#153,.T.);
#128 = FACE_BOUND('',#129,.T.);
#129 = EDGE_LOOP('',(#130,#138,#146,#152));
#130 = ORIENTED_EDGE('',*,*,#131,.T.);
#131 = EDGE_CURVE('',#58,#132,#134,.T.);
#132 = VERTEX_POINT('',#133);
#133 = CARTESIAN_POINT('',(6.260804454,-6.958087311,10.356375631));
#134 = LINE('',#135,#136);
#135 = CARTESIAN_POINT('',(7.552717143,-8.25,6.05));
#136 = VECTOR('',#137,1.);
#137 = DIRECTION('',(-0.276172385031,0.276172385031,0.920574618102));
#138 = ORIENTED_EDGE('',*,*,#139,.T.);
#139 = EDGE_CURVE('',#132,#140,#142,.T.);
#140 = VERTEX_POINT('',#141);
#141 = CARTESIAN_POINT('',(-6.260804454,-6.958087311,10.356375631));
#142 = LINE('',#143,#144);
#143 = CARTESIAN_POINT('',(6.260804454,-6.958087311,10.356375631));
#144 = VECTOR('',#145,1.);
#145 = DIRECTION('',(-1.,0.,0.));
#146 = ORIENTED_EDGE('',*,*,#147,.T.);
#147 = EDGE_CURVE('',#140,#56,#148,.T.);
#148 = LINE('',#149,#150);
#149 = CARTESIAN_POINT('',(-6.260804454,-6.958087311,10.356375631));
#150 = VECTOR('',#151,1.);
#151 = DIRECTION('',(-0.276172385031,-0.276172385031,-0.920574618102));
#152 = ORIENTED_EDGE('',*,*,#55,.T.);
#153 = PLANE('',#154);
#154 = AXIS2_PLACEMENT_3D('',#155,#156,#157);
#155 = CARTESIAN_POINT('',(0.,-7.568807339,8.320642202));
#156 = DIRECTION('',(0.,-0.957826285084,0.287347886025));
#157 = DIRECTION('',(0.,0.287347886025,0.957826285084));
#158 = ADVANCED_FACE('',(#159),#200,.T.);
#159 = FACE_BOUND('',#160,.T.);
#160 = EDGE_LOOP('',(#161,#169,#193,#199));
#161 = ORIENTED_EDGE('',*,*,#162,.T.);
#162 = EDGE_CURVE('',#100,#163,#165,.T.);
#163 = VERTEX_POINT('',#164);
#164 = CARTESIAN_POINT('',(7.496108653,5.798825796,10.229637824));
#165 = LINE('',#166,#167);
#166 = CARTESIAN_POINT('',(8.75,7.052717143,6.05));
#167 = VECTOR('',#168,1.);
#168 = DIRECTION('',(-0.276172385031,-0.276172385031,0.920574618102));
#169 = ORIENTED_EDGE('',*,*,#170,.T.);
#170 = EDGE_CURVE('',#163,#171,#173,.T.);
#171 = VERTEX_POINT('',#172);
#172 = CARTESIAN_POINT('',(7.496108653,-5.798825796,10.229637824));
#173 = B_SPLINE_CURVE_WITH_KNOTS('',3,(#174,#175,#176,#177,#178,#179,
    #180,#181,#182,#183,#184,#185,#186,#187,#188,#189,#190,#191,#192),
  .UNSPECIFIED.,.F.,.F.,(4,3,3,3,3,3,4),(-0.,2.921319E-03,4.381979E-03,
    5.842638E-03,7.303298E-03,8.763958E-03,1.1685277E-02),
  .UNSPECIFIED.);
#174 = CARTESIAN_POINT('',(7.496108653,5.798825796,10.229637824));
#175 = CARTESIAN_POINT('',(7.557721259,4.846392178,10.024262469));
#176 = CARTESIAN_POINT('',(7.604644597,3.886238503,9.867851342));
#177 = CARTESIAN_POINT('',(7.636151072,2.917982378,9.76282976));
#178 = CARTESIAN_POINT('',(7.65190431,2.433854316,9.710318969));
#179 = CARTESIAN_POINT('',(7.663808845,1.947021719,9.670637184));
#180 = CARTESIAN_POINT('',(7.671734487,1.460251646,9.644218376));
#181 = CARTESIAN_POINT('',(7.67966013,0.973481573,9.617799567));
#182 = CARTESIAN_POINT('',(7.683623014,0.486685406,9.604589952));
#183 = CARTESIAN_POINT('',(7.683622271,-1.368600000013E-04,9.604592429)
  );
#184 = CARTESIAN_POINT('',(7.683621529,-0.486959126,9.604594905));
#185 = CARTESIAN_POINT('',(7.679657158,-0.973807492,9.617809472));
#186 = CARTESIAN_POINT('',(7.67172748,-1.460681967,9.644241734));
#187 = CARTESIAN_POINT('',(7.663797801,-1.947556443,9.670673997));
#188 = CARTESIAN_POINT('',(7.651892731,-2.434262868,9.710357565));
#189 = CARTESIAN_POINT('',(7.636141127,-2.918289713,9.762862909));
#190 = CARTESIAN_POINT('',(7.604637921,-3.886343404,9.867873596));
#191 = CARTESIAN_POINT('',(7.557720896,-4.846397787,10.024263679));
#192 = CARTESIAN_POINT('',(7.496108653,-5.798825796,10.229637824));
#193 = ORIENTED_EDGE('',*,*,#194,.T.);
#194 = EDGE_CURVE('',#171,#109,#195,.T.);
#195 = LINE('',#196,#197);
#196 = CARTESIAN_POINT('',(7.496108653,-5.798825796,10.229637824));
#197 = VECTOR('',#198,1.);
#198 = DIRECTION('',(0.276172385031,-0.276172385031,-0.920574618102));
#199 = ORIENTED_EDGE('',*,*,#108,.T.);
#200 = PLANE('',#201);
#201 = AXIS2_PLACEMENT_3D('',#202,#203,#204);
#202 = CARTESIAN_POINT('',(8.027522936,0.,8.458256881));
#203 = DIRECTION('',(0.957826285084,0.,0.287347886025));
#204 = DIRECTION('',(-0.287347886025,0.,0.957826285084));
#205 = ADVANCED_FACE('',(#206),#231,.T.);
#206 = FACE_BOUND('',#207,.T.);
#207 = EDGE_LOOP('',(#208,#216,#224,#230));
#208 = ORIENTED_EDGE('',*,*,#209,.T.);
#209 = EDGE_CURVE('',#83,#210,#212,.T.);
#210 = VERTEX_POINT('',#211);
#211 = CARTESIAN_POINT('',(-6.260804454,6.958087311,10.356375631));
#212 = LINE('',#213,#214);
#213 = CARTESIAN_POINT('',(-7.552717143,8.25,6.05));
#214 = VECTOR('',#215,1.);
#215 = DIRECTION('',(0.276172385031,-0.276172385031,0.920574618102));
#216 = ORIENTED_EDGE('',*,*,#217,.T.);
#217 = EDGE_CURVE('',#210,#218,#220,.T.);
#218 = VERTEX_POINT('',#219);
#219 = CARTESIAN_POINT('',(6.260804454,6.958087311,10.356375631));
#220 = LINE('',#221,#222);
#221 = CARTESIAN_POINT('',(-6.260804454,6.958087311,10.356375631));
#222 = VECTOR('',#223,1.);
#223 = DIRECTION('',(1.,0.,0.));
#224 = ORIENTED_EDGE('',*,*,#225,.T.);
#225 = EDGE_CURVE('',#218,#92,#226,.T.);
#226 = LINE('',#227,#228);
#227 = CARTESIAN_POINT('',(6.260804454,6.958087311,10.356375631));
#228 = VECTOR('',#229,1.);
#229 = DIRECTION('',(0.276172385031,0.276172385031,-0.920574618102));
#230 = ORIENTED_EDGE('',*,*,#91,.T.);
#231 = PLANE('',#232);
#232 = AXIS2_PLACEMENT_3D('',#233,#234,#235);
#233 = CARTESIAN_POINT('',(0.,7.568807339,8.320642202));
#234 = DIRECTION('',(0.,0.957826285084,0.287347886025));
#235 = DIRECTION('',(0.,0.287347886025,-0.957826285084));
#236 = ADVANCED_FACE('',(#237),#278,.T.);
#237 = FACE_BOUND('',#238,.T.);
#238 = EDGE_LOOP('',(#239,#247,#271,#277));
#239 = ORIENTED_EDGE('',*,*,#240,.T.);
#240 = EDGE_CURVE('',#66,#241,#243,.T.);
#241 = VERTEX_POINT('',#242);
#242 = CARTESIAN_POINT('',(-7.496108653,-5.798825796,10.229637824));
#243 = LINE('',#244,#245);
#244 = CARTESIAN_POINT('',(-8.75,-7.052717143,6.05));
#245 = VECTOR('',#246,1.);
#246 = DIRECTION('',(0.276172385031,0.276172385031,0.920574618102));
#247 = ORIENTED_EDGE('',*,*,#248,.T.);
#248 = EDGE_CURVE('',#241,#249,#251,.T.);
#249 = VERTEX_POINT('',#250);
#250 = CARTESIAN_POINT('',(-7.496108653,5.798825796,10.229637824));
#251 = B_SPLINE_CURVE_WITH_KNOTS('',3,(#252,#253,#254,#255,#256,#257,
    #258,#259,#260,#261,#262,#263,#264,#265,#266,#267,#268,#269,#270),
  .UNSPECIFIED.,.F.,.F.,(4,3,3,3,3,3,4),(0.,2.921319E-03,4.381979E-03,
    5.842638E-03,7.303298E-03,8.763958E-03,1.1685277E-02),
  .UNSPECIFIED.);
#252 = CARTESIAN_POINT('',(-7.496108653,-5.798825796,10.229637824));
#253 = CARTESIAN_POINT('',(-7.557721259,-4.846392178,10.024262469));
#254 = CARTESIAN_POINT('',(-7.604644597,-3.886238503,9.867851342));
#255 = CARTESIAN_POINT('',(-7.636151072,-2.917982378,9.76282976));
#256 = CARTESIAN_POINT('',(-7.65190431,-2.433854316,9.710318969));
#257 = CARTESIAN_POINT('',(-7.663808845,-1.947021719,9.670637184));
#258 = CARTESIAN_POINT('',(-7.671734487,-1.460251646,9.644218376));
#259 = CARTESIAN_POINT('',(-7.67966013,-0.973481573,9.617799567));
#260 = CARTESIAN_POINT('',(-7.683623014,-0.486685406,9.604589952));
#261 = CARTESIAN_POINT('',(-7.683622271,1.368600000013E-04,9.604592429)
  );
#262 = CARTESIAN_POINT('',(-7.683621529,0.486959126,9.604594905));
#263 = CARTESIAN_POINT('',(-7.679657158,0.973807492,9.617809472));
#264 = CARTESIAN_POINT('',(-7.67172748,1.460681967,9.644241734));
#265 = CARTESIAN_POINT('',(-7.663797801,1.947556443,9.670673997));
#266 = CARTESIAN_POINT('',(-7.651892731,2.434262868,9.710357565));
#267 = CARTESIAN_POINT('',(-7.636141127,2.918289713,9.762862909));
#268 = CARTESIAN_POINT('',(-7.604637921,3.886343404,9.867873596));
#269 = CARTESIAN_POINT('',(-7.557720896,4.846397787,10.024263679));
#270 = CARTESIAN_POINT('',(-7.496108653,5.798825796,10.229637824));
#271 = ORIENTED_EDGE('',*,*,#272,.T.);
#272 = EDGE_CURVE('',#249,#75,#273,.T.);
#273 = LINE('',#274,#275);
#274 = CARTESIAN_POINT('',(-7.496108653,5.798825796,10.229637824));
#275 = VECTOR('',#276,1.);
#276 = DIRECTION('',(-0.276172385031,0.276172385031,-0.920574618102));
#277 = ORIENTED_EDGE('',*,*,#74,.T.);
#278 = PLANE('',#279);
#279 = AXIS2_PLACEMENT_3D('',#280,#281,#282);
#280 = CARTESIAN_POINT('',(-8.027522936,0.,8.458256881));
#281 = DIRECTION('',(-0.957826285084,0.,0.287347886025));
#282 = DIRECTION('',(-0.287347886025,0.,-0.957826285084));
#283 = ADVANCED_FACE('',(#284,#354,#424),#458,.F.);
#284 = FACE_BOUND('',#285,.T.);
#285 = EDGE_LOOP('',(#286,#296,#305,#313,#322,#330,#339,#347));
#286 = ORIENTED_EDGE('',*,*,#287,.T.);
#287 = EDGE_CURVE('',#288,#290,#292,.T.);
#288 = VERTEX_POINT('',#289);
#289 = CARTESIAN_POINT('',(3.4,-1.15,8.05));
#290 = VERTEX_POINT('',#291);
#291 = CARTESIAN_POINT('',(3.4,1.15,8.05));
#292 = LINE('',#293,#294);
#293 = CARTESIAN_POINT('',(3.4,-1.15,8.05));
#294 = VECTOR('',#295,1.);
#295 = DIRECTION('',(0.,1.,0.));
#296 = ORIENTED_EDGE('',*,*,#297,.T.);
#297 = EDGE_CURVE('',#290,#298,#300,.T.);
#298 = VERTEX_POINT('',#299);
#299 = CARTESIAN_POINT('',(3.1,1.45,8.05));
#300 = CIRCLE('',#301,0.3);
#301 = AXIS2_PLACEMENT_3D('',#302,#303,#304);
#302 = CARTESIAN_POINT('',(3.1,1.15,8.05));
#303 = DIRECTION('',(0.,0.,1.));
#304 = DIRECTION('',(-1.,0.,0.));
#305 = ORIENTED_EDGE('',*,*,#306,.F.);
#306 = EDGE_CURVE('',#307,#298,#309,.T.);
#307 = VERTEX_POINT('',#308);
#308 = CARTESIAN_POINT('',(2.6,1.45,8.05));
#309 = LINE('',#310,#311);
#310 = CARTESIAN_POINT('',(2.6,1.45,8.05));
#311 = VECTOR('',#312,1.);
#312 = DIRECTION('',(1.,0.,0.));
#313 = ORIENTED_EDGE('',*,*,#314,.F.);
#314 = EDGE_CURVE('',#315,#307,#317,.T.);
#315 = VERTEX_POINT('',#316);
#316 = CARTESIAN_POINT('',(2.3,1.15,8.05));
#317 = CIRCLE('',#318,0.3);
#318 = AXIS2_PLACEMENT_3D('',#319,#320,#321);
#319 = CARTESIAN_POINT('',(2.6,1.15,8.05));
#320 = DIRECTION('',(0.,0.,-1.));
#321 = DIRECTION('',(-1.,0.,0.));
#322 = ORIENTED_EDGE('',*,*,#323,.T.);
#323 = EDGE_CURVE('',#315,#324,#326,.T.);
#324 = VERTEX_POINT('',#325);
#325 = CARTESIAN_POINT('',(2.3,-1.15,8.05));
#326 = LINE('',#327,#328);
#327 = CARTESIAN_POINT('',(2.3,1.15,8.05));
#328 = VECTOR('',#329,1.);
#329 = DIRECTION('',(0.,-1.,0.));
#330 = ORIENTED_EDGE('',*,*,#331,.T.);
#331 = EDGE_CURVE('',#324,#332,#334,.T.);
#332 = VERTEX_POINT('',#333);
#333 = CARTESIAN_POINT('',(2.6,-1.45,8.05));
#334 = CIRCLE('',#335,0.3);
#335 = AXIS2_PLACEMENT_3D('',#336,#337,#338);
#336 = CARTESIAN_POINT('',(2.6,-1.15,8.05));
#337 = DIRECTION('',(0.,0.,1.));
#338 = DIRECTION('',(-1.,0.,0.));
#339 = ORIENTED_EDGE('',*,*,#340,.F.);
#340 = EDGE_CURVE('',#341,#332,#343,.T.);
#341 = VERTEX_POINT('',#342);
#342 = CARTESIAN_POINT('',(3.1,-1.45,8.05));
#343 = LINE('',#344,#345);
#344 = CARTESIAN_POINT('',(3.1,-1.45,8.05));
#345 = VECTOR('',#346,1.);
#346 = DIRECTION('',(-1.,0.,0.));
#347 = ORIENTED_EDGE('',*,*,#348,.F.);
#348 = EDGE_CURVE('',#288,#341,#349,.T.);
#349 = CIRCLE('',#350,0.3);
#350 = AXIS2_PLACEMENT_3D('',#351,#352,#353);
#351 = CARTESIAN_POINT('',(3.1,-1.15,8.05));
#352 = DIRECTION('',(0.,0.,-1.));
#353 = DIRECTION('',(-1.,0.,0.));
#354 = FACE_BOUND('',#355,.T.);
#355 = EDGE_LOOP('',(#356,#366,#375,#383,#392,#400,#409,#417));
#356 = ORIENTED_EDGE('',*,*,#357,.T.);
#357 = EDGE_CURVE('',#358,#360,#362,.T.);
#358 = VERTEX_POINT('',#359);
#359 = CARTESIAN_POINT('',(-3.4,1.15,8.05));
#360 = VERTEX_POINT('',#361);
#361 = CARTESIAN_POINT('',(-3.4,-1.15,8.05));
#362 = LINE('',#363,#364);
#363 = CARTESIAN_POINT('',(-3.4,1.15,8.05));
#364 = VECTOR('',#365,1.);
#365 = DIRECTION('',(0.,-1.,0.));
#366 = ORIENTED_EDGE('',*,*,#367,.T.);
#367 = EDGE_CURVE('',#360,#368,#370,.T.);
#368 = VERTEX_POINT('',#369);
#369 = CARTESIAN_POINT('',(-3.1,-1.45,8.05));
#370 = CIRCLE('',#371,0.3);
#371 = AXIS2_PLACEMENT_3D('',#372,#373,#374);
#372 = CARTESIAN_POINT('',(-3.1,-1.15,8.05));
#373 = DIRECTION('',(0.,0.,1.));
#374 = DIRECTION('',(-1.,0.,0.));
#375 = ORIENTED_EDGE('',*,*,#376,.T.);
#376 = EDGE_CURVE('',#368,#377,#379,.T.);
#377 = VERTEX_POINT('',#378);
#378 = CARTESIAN_POINT('',(-2.6,-1.45,8.05));
#379 = LINE('',#380,#381);
#380 = CARTESIAN_POINT('',(-3.1,-1.45,8.05));
#381 = VECTOR('',#382,1.);
#382 = DIRECTION('',(1.,0.,0.));
#383 = ORIENTED_EDGE('',*,*,#384,.T.);
#384 = EDGE_CURVE('',#377,#385,#387,.T.);
#385 = VERTEX_POINT('',#386);
#386 = CARTESIAN_POINT('',(-2.3,-1.15,8.05));
#387 = CIRCLE('',#388,0.3);
#388 = AXIS2_PLACEMENT_3D('',#389,#390,#391);
#389 = CARTESIAN_POINT('',(-2.6,-1.15,8.05));
#390 = DIRECTION('',(0.,0.,1.));
#391 = DIRECTION('',(-1.,0.,0.));
#392 = ORIENTED_EDGE('',*,*,#393,.T.);
#393 = EDGE_CURVE('',#385,#394,#396,.T.);
#394 = VERTEX_POINT('',#395);
#395 = CARTESIAN_POINT('',(-2.3,1.15,8.05));
#396 = LINE('',#397,#398);
#397 = CARTESIAN_POINT('',(-2.3,-1.15,8.05));
#398 = VECTOR('',#399,1.);
#399 = DIRECTION('',(0.,1.,0.));
#400 = ORIENTED_EDGE('',*,*,#401,.T.);
#401 = EDGE_CURVE('',#394,#402,#404,.T.);
#402 = VERTEX_POINT('',#403);
#403 = CARTESIAN_POINT('',(-2.6,1.45,8.05));
#404 = CIRCLE('',#405,0.3);
#405 = AXIS2_PLACEMENT_3D('',#406,#407,#408);
#406 = CARTESIAN_POINT('',(-2.6,1.15,8.05));
#407 = DIRECTION('',(0.,0.,1.));
#408 = DIRECTION('',(-1.,0.,0.));
#409 = ORIENTED_EDGE('',*,*,#410,.T.);
#410 = EDGE_CURVE('',#402,#411,#413,.T.);
#411 = VERTEX_POINT('',#412);
#412 = CARTESIAN_POINT('',(-3.1,1.45,8.05));
#413 = LINE('',#414,#415);
#414 = CARTESIAN_POINT('',(-2.6,1.45,8.05));
#415 = VECTOR('',#416,1.);
#416 = DIRECTION('',(-1.,0.,0.));
#417 = ORIENTED_EDGE('',*,*,#418,.T.);
#418 = EDGE_CURVE('',#411,#358,#419,.T.);
#419 = CIRCLE('',#420,0.3);
#420 = AXIS2_PLACEMENT_3D('',#421,#422,#423);
#421 = CARTESIAN_POINT('',(-3.1,1.15,8.05));
#422 = DIRECTION('',(0.,0.,1.));
#423 = DIRECTION('',(-1.,0.,0.));
#424 = FACE_BOUND('',#425,.T.);
#425 = EDGE_LOOP('',(#426,#436,#444,#452));
#426 = ORIENTED_EDGE('',*,*,#427,.F.);
#427 = EDGE_CURVE('',#428,#430,#432,.T.);
#428 = VERTEX_POINT('',#429);
#429 = CARTESIAN_POINT('',(-6.95,-6.45,8.05));
#430 = VERTEX_POINT('',#431);
#431 = CARTESIAN_POINT('',(6.95,-6.45,8.05));
#432 = LINE('',#433,#434);
#433 = CARTESIAN_POINT('',(-6.95,-6.45,8.05));
#434 = VECTOR('',#435,1.);
#435 = DIRECTION('',(1.,0.,0.));
#436 = ORIENTED_EDGE('',*,*,#437,.F.);
#437 = EDGE_CURVE('',#438,#428,#440,.T.);
#438 = VERTEX_POINT('',#439);
#439 = CARTESIAN_POINT('',(-6.95,6.45,8.05));
#440 = LINE('',#441,#442);
#441 = CARTESIAN_POINT('',(-6.95,6.45,8.05));
#442 = VECTOR('',#443,1.);
#443 = DIRECTION('',(-0.,-1.,-0.));
#444 = ORIENTED_EDGE('',*,*,#445,.F.);
#445 = EDGE_CURVE('',#446,#438,#448,.T.);
#446 = VERTEX_POINT('',#447);
#447 = CARTESIAN_POINT('',(6.95,6.45,8.05));
#448 = LINE('',#449,#450);
#449 = CARTESIAN_POINT('',(6.95,6.45,8.05));
#450 = VECTOR('',#451,1.);
#451 = DIRECTION('',(-1.,0.,0.));
#452 = ORIENTED_EDGE('',*,*,#453,.F.);
#453 = EDGE_CURVE('',#430,#446,#454,.T.);
#454 = LINE('',#455,#456);
#455 = CARTESIAN_POINT('',(6.95,-6.45,8.05));
#456 = VECTOR('',#457,1.);
#457 = DIRECTION('',(0.,1.,0.));
#458 = PLANE('',#459);
#459 = AXIS2_PLACEMENT_3D('',#460,#461,#462);
#460 = CARTESIAN_POINT('',(18.,0.,8.05));
#461 = DIRECTION('',(0.,0.,1.));
#462 = DIRECTION('',(-1.,0.,0.));
#463 = ADVANCED_FACE('',(#464),#480,.T.);
#464 = FACE_BOUND('',#465,.T.);
#465 = EDGE_LOOP('',(#466,#472,#473,#479));
#466 = ORIENTED_EDGE('',*,*,#467,.F.);
#467 = EDGE_CURVE('',#32,#446,#468,.T.);
#468 = LINE('',#469,#470);
#469 = CARTESIAN_POINT('',(7.7,7.2,6.05));
#470 = VECTOR('',#471,1.);
#471 = DIRECTION('',(-0.331294577932,-0.331294577932,0.883452208818));
#472 = ORIENTED_EDGE('',*,*,#31,.F.);
#473 = ORIENTED_EDGE('',*,*,#474,.T.);
#474 = EDGE_CURVE('',#24,#430,#475,.T.);
#475 = LINE('',#476,#477);
#476 = CARTESIAN_POINT('',(7.7,-7.2,6.05));
#477 = VECTOR('',#478,1.);
#478 = DIRECTION('',(-0.331294577932,0.331294577932,0.883452208818));
#479 = ORIENTED_EDGE('',*,*,#453,.T.);
#480 = PLANE('',#481);
#481 = AXIS2_PLACEMENT_3D('',#482,#483,#484);
#482 = CARTESIAN_POINT('',(8.969863014,0.,2.66369863));
#483 = DIRECTION('',(-0.936329177487,0.,-0.351123441808));
#484 = DIRECTION('',(0.351123441808,0.,-0.936329177487));
#485 = ADVANCED_FACE('',(#486),#497,.T.);
#486 = FACE_BOUND('',#487,.T.);
#487 = EDGE_LOOP('',(#488,#494,#495,#496));
#488 = ORIENTED_EDGE('',*,*,#489,.F.);
#489 = EDGE_CURVE('',#40,#438,#490,.T.);
#490 = LINE('',#491,#492);
#491 = CARTESIAN_POINT('',(-7.7,7.2,6.05));
#492 = VECTOR('',#493,1.);
#493 = DIRECTION('',(0.331294577932,-0.331294577932,0.883452208818));
#494 = ORIENTED_EDGE('',*,*,#39,.F.);
#495 = ORIENTED_EDGE('',*,*,#467,.T.);
#496 = ORIENTED_EDGE('',*,*,#445,.T.);
#497 = PLANE('',#498);
#498 = AXIS2_PLACEMENT_3D('',#499,#500,#501);
#499 = CARTESIAN_POINT('',(18.,6.312328767,8.417123288));
#500 = DIRECTION('',(-0.,-0.936329177487,-0.351123441808));
#501 = DIRECTION('',(0.,-0.351123441808,0.936329177487));
#502 = ADVANCED_FACE('',(#503),#514,.T.);
#503 = FACE_BOUND('',#504,.T.);
#504 = EDGE_LOOP('',(#505,#511,#512,#513));
#505 = ORIENTED_EDGE('',*,*,#506,.F.);
#506 = EDGE_CURVE('',#22,#428,#507,.T.);
#507 = LINE('',#508,#509);
#508 = CARTESIAN_POINT('',(-7.7,-7.2,6.05));
#509 = VECTOR('',#510,1.);
#510 = DIRECTION('',(0.331294577932,0.331294577932,0.883452208818));
#511 = ORIENTED_EDGE('',*,*,#47,.F.);
#512 = ORIENTED_EDGE('',*,*,#489,.T.);
#513 = ORIENTED_EDGE('',*,*,#437,.T.);
#514 = PLANE('',#515);
#515 = AXIS2_PLACEMENT_3D('',#516,#517,#518);
#516 = CARTESIAN_POINT('',(-4.531506849,0.,14.499315068));
#517 = DIRECTION('',(0.936329177487,0.,-0.351123441808));
#518 = DIRECTION('',(0.351123441808,0.,0.936329177487));
#519 = ADVANCED_FACE('',(#520),#526,.T.);
#520 = FACE_BOUND('',#521,.T.);
#521 = EDGE_LOOP('',(#522,#523,#524,#525));
#522 = ORIENTED_EDGE('',*,*,#427,.T.);
#523 = ORIENTED_EDGE('',*,*,#474,.F.);
#524 = ORIENTED_EDGE('',*,*,#21,.F.);
#525 = ORIENTED_EDGE('',*,*,#506,.T.);
#526 = PLANE('',#527);
#527 = AXIS2_PLACEMENT_3D('',#528,#529,#530);
#528 = CARTESIAN_POINT('',(18.,-6.312328767,8.417123288));
#529 = DIRECTION('',(0.,0.936329177487,-0.351123441808));
#530 = DIRECTION('',(0.,-0.351123441808,-0.936329177487));
#531 = ADVANCED_FACE('',(#532),#557,.T.);
#532 = FACE_BOUND('',#533,.T.);
#533 = EDGE_LOOP('',(#534,#542,#550,#556));
#534 = ORIENTED_EDGE('',*,*,#535,.T.);
#535 = EDGE_CURVE('',#385,#536,#538,.T.);
#536 = VERTEX_POINT('',#537);
#537 = CARTESIAN_POINT('',(-2.3,-1.15,4.85));
#538 = LINE('',#539,#540);
#539 = CARTESIAN_POINT('',(-2.3,-1.15,8.05));
#540 = VECTOR('',#541,1.);
#541 = DIRECTION('',(-0.,-0.,-1.));
#542 = ORIENTED_EDGE('',*,*,#543,.T.);
#543 = EDGE_CURVE('',#536,#544,#546,.T.);
#544 = VERTEX_POINT('',#545);
#545 = CARTESIAN_POINT('',(-2.3,1.15,4.85));
#546 = LINE('',#547,#548);
#547 = CARTESIAN_POINT('',(-2.3,-1.15,4.85));
#548 = VECTOR('',#549,1.);
#549 = DIRECTION('',(0.,1.,0.));
#550 = ORIENTED_EDGE('',*,*,#551,.T.);
#551 = EDGE_CURVE('',#544,#394,#552,.T.);
#552 = LINE('',#553,#554);
#553 = CARTESIAN_POINT('',(-2.3,1.15,4.85));
#554 = VECTOR('',#555,1.);
#555 = DIRECTION('',(0.,0.,1.));
#556 = ORIENTED_EDGE('',*,*,#393,.F.);
#557 = PLANE('',#558);
#558 = AXIS2_PLACEMENT_3D('',#559,#560,#561);
#559 = CARTESIAN_POINT('',(-2.3,0.,5.05));
#560 = DIRECTION('',(1.,0.,0.));
#561 = DIRECTION('',(0.,0.,1.));
#562 = ADVANCED_FACE('',(#563),#588,.T.);
#563 = FACE_BOUND('',#564,.T.);
#564 = EDGE_LOOP('',(#565,#573,#581,#587));
#565 = ORIENTED_EDGE('',*,*,#566,.T.);
#566 = EDGE_CURVE('',#368,#567,#569,.T.);
#567 = VERTEX_POINT('',#568);
#568 = CARTESIAN_POINT('',(-3.1,-1.45,4.85));
#569 = LINE('',#570,#571);
#570 = CARTESIAN_POINT('',(-3.1,-1.45,8.05));
#571 = VECTOR('',#572,1.);
#572 = DIRECTION('',(-0.,-0.,-1.));
#573 = ORIENTED_EDGE('',*,*,#574,.T.);
#574 = EDGE_CURVE('',#567,#575,#577,.T.);
#575 = VERTEX_POINT('',#576);
#576 = CARTESIAN_POINT('',(-2.6,-1.45,4.85));
#577 = LINE('',#578,#579);
#578 = CARTESIAN_POINT('',(-3.1,-1.45,4.85));
#579 = VECTOR('',#580,1.);
#580 = DIRECTION('',(1.,0.,0.));
#581 = ORIENTED_EDGE('',*,*,#582,.T.);
#582 = EDGE_CURVE('',#575,#377,#583,.T.);
#583 = LINE('',#584,#585);
#584 = CARTESIAN_POINT('',(-2.6,-1.45,4.85));
#585 = VECTOR('',#586,1.);
#586 = DIRECTION('',(0.,0.,1.));
#587 = ORIENTED_EDGE('',*,*,#376,.F.);
#588 = PLANE('',#589);
#589 = AXIS2_PLACEMENT_3D('',#590,#591,#592);
#590 = CARTESIAN_POINT('',(-2.85,-1.45,5.05));
#591 = DIRECTION('',(0.,-1.,0.));
#592 = DIRECTION('',(0.,0.,1.));
#593 = ADVANCED_FACE('',(#594),#619,.T.);
#594 = FACE_BOUND('',#595,.T.);
#595 = EDGE_LOOP('',(#596,#604,#612,#618));
#596 = ORIENTED_EDGE('',*,*,#597,.T.);
#597 = EDGE_CURVE('',#358,#598,#600,.T.);
#598 = VERTEX_POINT('',#599);
#599 = CARTESIAN_POINT('',(-3.4,1.15,4.85));
#600 = LINE('',#601,#602);
#601 = CARTESIAN_POINT('',(-3.4,1.15,8.05));
#602 = VECTOR('',#603,1.);
#603 = DIRECTION('',(-0.,-0.,-1.));
#604 = ORIENTED_EDGE('',*,*,#605,.T.);
#605 = EDGE_CURVE('',#598,#606,#608,.T.);
#606 = VERTEX_POINT('',#607);
#607 = CARTESIAN_POINT('',(-3.4,-1.15,4.85));
#608 = LINE('',#609,#610);
#609 = CARTESIAN_POINT('',(-3.4,1.15,4.85));
#610 = VECTOR('',#611,1.);
#611 = DIRECTION('',(0.,-1.,0.));
#612 = ORIENTED_EDGE('',*,*,#613,.T.);
#613 = EDGE_CURVE('',#606,#360,#614,.T.);
#614 = LINE('',#615,#616);
#615 = CARTESIAN_POINT('',(-3.4,-1.15,4.85));
#616 = VECTOR('',#617,1.);
#617 = DIRECTION('',(0.,0.,1.));
#618 = ORIENTED_EDGE('',*,*,#357,.F.);
#619 = PLANE('',#620);
#620 = AXIS2_PLACEMENT_3D('',#621,#622,#623);
#621 = CARTESIAN_POINT('',(-3.4,0.,5.05));
#622 = DIRECTION('',(-1.,0.,0.));
#623 = DIRECTION('',(0.,-1.,0.));
#624 = ADVANCED_FACE('',(#625),#650,.T.);
#625 = FACE_BOUND('',#626,.T.);
#626 = EDGE_LOOP('',(#627,#635,#643,#649));
#627 = ORIENTED_EDGE('',*,*,#628,.T.);
#628 = EDGE_CURVE('',#402,#629,#631,.T.);
#629 = VERTEX_POINT('',#630);
#630 = CARTESIAN_POINT('',(-2.6,1.45,4.85));
#631 = LINE('',#632,#633);
#632 = CARTESIAN_POINT('',(-2.6,1.45,8.05));
#633 = VECTOR('',#634,1.);
#634 = DIRECTION('',(-0.,-0.,-1.));
#635 = ORIENTED_EDGE('',*,*,#636,.T.);
#636 = EDGE_CURVE('',#629,#637,#639,.T.);
#637 = VERTEX_POINT('',#638);
#638 = CARTESIAN_POINT('',(-3.1,1.45,4.85));
#639 = LINE('',#640,#641);
#640 = CARTESIAN_POINT('',(-2.6,1.45,4.85));
#641 = VECTOR('',#642,1.);
#642 = DIRECTION('',(-1.,0.,0.));
#643 = ORIENTED_EDGE('',*,*,#644,.T.);
#644 = EDGE_CURVE('',#637,#411,#645,.T.);
#645 = LINE('',#646,#647);
#646 = CARTESIAN_POINT('',(-3.1,1.45,4.85));
#647 = VECTOR('',#648,1.);
#648 = DIRECTION('',(0.,0.,1.));
#649 = ORIENTED_EDGE('',*,*,#410,.F.);
#650 = PLANE('',#651);
#651 = AXIS2_PLACEMENT_3D('',#652,#653,#654);
#652 = CARTESIAN_POINT('',(-2.85,1.45,5.05));
#653 = DIRECTION('',(0.,1.,0.));
#654 = DIRECTION('',(-1.,0.,0.));
#655 = ADVANCED_FACE('',(#656),#690,.T.);
#656 = FACE_BOUND('',#657,.T.);
#657 = EDGE_LOOP('',(#658,#668,#676,#684));
#658 = ORIENTED_EDGE('',*,*,#659,.T.);
#659 = EDGE_CURVE('',#660,#662,#664,.T.);
#660 = VERTEX_POINT('',#661);
#661 = CARTESIAN_POINT('',(-3.1,-1.15,4.55));
#662 = VERTEX_POINT('',#663);
#663 = CARTESIAN_POINT('',(-3.1,1.15,4.55));
#664 = LINE('',#665,#666);
#665 = CARTESIAN_POINT('',(-3.1,-1.15,4.55));
#666 = VECTOR('',#667,1.);
#667 = DIRECTION('',(0.,1.,0.));
#668 = ORIENTED_EDGE('',*,*,#669,.T.);
#669 = EDGE_CURVE('',#662,#670,#672,.T.);
#670 = VERTEX_POINT('',#671);
#671 = CARTESIAN_POINT('',(-2.6,1.15,4.55));
#672 = LINE('',#673,#674);
#673 = CARTESIAN_POINT('',(-3.1,1.15,4.55));
#674 = VECTOR('',#675,1.);
#675 = DIRECTION('',(1.,0.,0.));
#676 = ORIENTED_EDGE('',*,*,#677,.T.);
#677 = EDGE_CURVE('',#670,#678,#680,.T.);
#678 = VERTEX_POINT('',#679);
#679 = CARTESIAN_POINT('',(-2.6,-1.15,4.55));
#680 = LINE('',#681,#682);
#681 = CARTESIAN_POINT('',(-2.6,1.15,4.55));
#682 = VECTOR('',#683,1.);
#683 = DIRECTION('',(-0.,-1.,-0.));
#684 = ORIENTED_EDGE('',*,*,#685,.T.);
#685 = EDGE_CURVE('',#678,#660,#686,.T.);
#686 = LINE('',#687,#688);
#687 = CARTESIAN_POINT('',(-2.6,-1.15,4.55));
#688 = VECTOR('',#689,1.);
#689 = DIRECTION('',(-1.,0.,0.));
#690 = PLANE('',#691);
#691 = AXIS2_PLACEMENT_3D('',#692,#693,#694);
#692 = CARTESIAN_POINT('',(0.,0.,4.55));
#693 = DIRECTION('',(0.,0.,-1.));
#694 = DIRECTION('',(1.,0.,0.));
#695 = ADVANCED_FACE('',(#696),#721,.T.);
#696 = FACE_BOUND('',#697,.T.);
#697 = EDGE_LOOP('',(#698,#706,#707,#715));
#698 = ORIENTED_EDGE('',*,*,#699,.T.);
#699 = EDGE_CURVE('',#700,#324,#702,.T.);
#700 = VERTEX_POINT('',#701);
#701 = CARTESIAN_POINT('',(2.3,-1.15,4.85));
#702 = LINE('',#703,#704);
#703 = CARTESIAN_POINT('',(2.3,-1.15,4.85));
#704 = VECTOR('',#705,1.);
#705 = DIRECTION('',(0.,0.,1.));
#706 = ORIENTED_EDGE('',*,*,#323,.F.);
#707 = ORIENTED_EDGE('',*,*,#708,.T.);
#708 = EDGE_CURVE('',#315,#709,#711,.T.);
#709 = VERTEX_POINT('',#710);
#710 = CARTESIAN_POINT('',(2.3,1.15,4.85));
#711 = LINE('',#712,#713);
#712 = CARTESIAN_POINT('',(2.3,1.15,8.05));
#713 = VECTOR('',#714,1.);
#714 = DIRECTION('',(-0.,-0.,-1.));
#715 = ORIENTED_EDGE('',*,*,#716,.T.);
#716 = EDGE_CURVE('',#709,#700,#717,.T.);
#717 = LINE('',#718,#719);
#718 = CARTESIAN_POINT('',(2.3,1.15,4.85));
#719 = VECTOR('',#720,1.);
#720 = DIRECTION('',(0.,-1.,0.));
#721 = PLANE('',#722);
#722 = AXIS2_PLACEMENT_3D('',#723,#724,#725);
#723 = CARTESIAN_POINT('',(2.3,0.,5.05));
#724 = DIRECTION('',(-1.,0.,0.));
#725 = DIRECTION('',(0.,0.,-1.));
#726 = ADVANCED_FACE('',(#727),#752,.T.);
#727 = FACE_BOUND('',#728,.T.);
#728 = EDGE_LOOP('',(#729,#737,#738,#746));
#729 = ORIENTED_EDGE('',*,*,#730,.T.);
#730 = EDGE_CURVE('',#731,#307,#733,.T.);
#731 = VERTEX_POINT('',#732);
#732 = CARTESIAN_POINT('',(2.6,1.45,4.85));
#733 = LINE('',#734,#735);
#734 = CARTESIAN_POINT('',(2.6,1.45,4.85));
#735 = VECTOR('',#736,1.);
#736 = DIRECTION('',(0.,0.,1.));
#737 = ORIENTED_EDGE('',*,*,#306,.T.);
#738 = ORIENTED_EDGE('',*,*,#739,.T.);
#739 = EDGE_CURVE('',#298,#740,#742,.T.);
#740 = VERTEX_POINT('',#741);
#741 = CARTESIAN_POINT('',(3.1,1.45,4.85));
#742 = LINE('',#743,#744);
#743 = CARTESIAN_POINT('',(3.1,1.45,8.05));
#744 = VECTOR('',#745,1.);
#745 = DIRECTION('',(-0.,-0.,-1.));
#746 = ORIENTED_EDGE('',*,*,#747,.T.);
#747 = EDGE_CURVE('',#740,#731,#748,.T.);
#748 = LINE('',#749,#750);
#749 = CARTESIAN_POINT('',(3.1,1.45,4.85));
#750 = VECTOR('',#751,1.);
#751 = DIRECTION('',(-1.,0.,0.));
#752 = PLANE('',#753);
#753 = AXIS2_PLACEMENT_3D('',#754,#755,#756);
#754 = CARTESIAN_POINT('',(2.85,1.45,5.05));
#755 = DIRECTION('',(0.,1.,0.));
#756 = DIRECTION('',(0.,0.,-1.));
#757 = ADVANCED_FACE('',(#758),#783,.T.);
#758 = FACE_BOUND('',#759,.T.);
#759 = EDGE_LOOP('',(#760,#768,#769,#777));
#760 = ORIENTED_EDGE('',*,*,#761,.T.);
#761 = EDGE_CURVE('',#762,#290,#764,.T.);
#762 = VERTEX_POINT('',#763);
#763 = CARTESIAN_POINT('',(3.4,1.15,4.85));
#764 = LINE('',#765,#766);
#765 = CARTESIAN_POINT('',(3.4,1.15,4.85));
#766 = VECTOR('',#767,1.);
#767 = DIRECTION('',(0.,0.,1.));
#768 = ORIENTED_EDGE('',*,*,#287,.F.);
#769 = ORIENTED_EDGE('',*,*,#770,.T.);
#770 = EDGE_CURVE('',#288,#771,#773,.T.);
#771 = VERTEX_POINT('',#772);
#772 = CARTESIAN_POINT('',(3.4,-1.15,4.85));
#773 = LINE('',#774,#775);
#774 = CARTESIAN_POINT('',(3.4,-1.15,8.05));
#775 = VECTOR('',#776,1.);
#776 = DIRECTION('',(-0.,-0.,-1.));
#777 = ORIENTED_EDGE('',*,*,#778,.T.);
#778 = EDGE_CURVE('',#771,#762,#779,.T.);
#779 = LINE('',#780,#781);
#780 = CARTESIAN_POINT('',(3.4,-1.15,4.85));
#781 = VECTOR('',#782,1.);
#782 = DIRECTION('',(0.,1.,0.));
#783 = PLANE('',#784);
#784 = AXIS2_PLACEMENT_3D('',#785,#786,#787);
#785 = CARTESIAN_POINT('',(3.4,0.,5.05));
#786 = DIRECTION('',(1.,0.,0.));
#787 = DIRECTION('',(0.,0.,1.));
#788 = ADVANCED_FACE('',(#789),#814,.T.);
#789 = FACE_BOUND('',#790,.T.);
#790 = EDGE_LOOP('',(#791,#792,#800,#808));
#791 = ORIENTED_EDGE('',*,*,#340,.T.);
#792 = ORIENTED_EDGE('',*,*,#793,.T.);
#793 = EDGE_CURVE('',#332,#794,#796,.T.);
#794 = VERTEX_POINT('',#795);
#795 = CARTESIAN_POINT('',(2.6,-1.45,4.85));
#796 = LINE('',#797,#798);
#797 = CARTESIAN_POINT('',(2.6,-1.45,8.05));
#798 = VECTOR('',#799,1.);
#799 = DIRECTION('',(-0.,-0.,-1.));
#800 = ORIENTED_EDGE('',*,*,#801,.T.);
#801 = EDGE_CURVE('',#794,#802,#804,.T.);
#802 = VERTEX_POINT('',#803);
#803 = CARTESIAN_POINT('',(3.1,-1.45,4.85));
#804 = LINE('',#805,#806);
#805 = CARTESIAN_POINT('',(2.6,-1.45,4.85));
#806 = VECTOR('',#807,1.);
#807 = DIRECTION('',(1.,0.,0.));
#808 = ORIENTED_EDGE('',*,*,#809,.T.);
#809 = EDGE_CURVE('',#802,#341,#810,.T.);
#810 = LINE('',#811,#812);
#811 = CARTESIAN_POINT('',(3.1,-1.45,4.85));
#812 = VECTOR('',#813,1.);
#813 = DIRECTION('',(0.,0.,1.));
#814 = PLANE('',#815);
#815 = AXIS2_PLACEMENT_3D('',#816,#817,#818);
#816 = CARTESIAN_POINT('',(2.85,-1.45,5.05));
#817 = DIRECTION('',(0.,-1.,0.));
#818 = DIRECTION('',(0.,0.,1.));
#819 = ADVANCED_FACE('',(#820),#854,.T.);
#820 = FACE_BOUND('',#821,.T.);
#821 = EDGE_LOOP('',(#822,#832,#840,#848));
#822 = ORIENTED_EDGE('',*,*,#823,.T.);
#823 = EDGE_CURVE('',#824,#826,#828,.T.);
#824 = VERTEX_POINT('',#825);
#825 = CARTESIAN_POINT('',(3.1,1.15,4.55));
#826 = VERTEX_POINT('',#827);
#827 = CARTESIAN_POINT('',(3.1,-1.15,4.55));
#828 = LINE('',#829,#830);
#829 = CARTESIAN_POINT('',(3.1,1.15,4.55));
#830 = VECTOR('',#831,1.);
#831 = DIRECTION('',(-0.,-1.,-0.));
#832 = ORIENTED_EDGE('',*,*,#833,.T.);
#833 = EDGE_CURVE('',#826,#834,#836,.T.);
#834 = VERTEX_POINT('',#835);
#835 = CARTESIAN_POINT('',(2.6,-1.15,4.55));
#836 = LINE('',#837,#838);
#837 = CARTESIAN_POINT('',(3.1,-1.15,4.55));
#838 = VECTOR('',#839,1.);
#839 = DIRECTION('',(-1.,0.,0.));
#840 = ORIENTED_EDGE('',*,*,#841,.T.);
#841 = EDGE_CURVE('',#834,#842,#844,.T.);
#842 = VERTEX_POINT('',#843);
#843 = CARTESIAN_POINT('',(2.6,1.15,4.55));
#844 = LINE('',#845,#846);
#845 = CARTESIAN_POINT('',(2.6,-1.15,4.55));
#846 = VECTOR('',#847,1.);
#847 = DIRECTION('',(0.,1.,0.));
#848 = ORIENTED_EDGE('',*,*,#849,.T.);
#849 = EDGE_CURVE('',#842,#824,#850,.T.);
#850 = LINE('',#851,#852);
#851 = CARTESIAN_POINT('',(2.6,1.15,4.55));
#852 = VECTOR('',#853,1.);
#853 = DIRECTION('',(1.,0.,0.));
#854 = PLANE('',#855);
#855 = AXIS2_PLACEMENT_3D('',#856,#857,#858);
#856 = CARTESIAN_POINT('',(0.,0.,4.55));
#857 = DIRECTION('',(0.,0.,-1.));
#858 = DIRECTION('',(1.,0.,0.));
#859 = ADVANCED_FACE('',(#860),#872,.T.);
#860 = FACE_BOUND('',#861,.T.);
#861 = EDGE_LOOP('',(#862,#863,#864,#865));
#862 = ORIENTED_EDGE('',*,*,#708,.F.);
#863 = ORIENTED_EDGE('',*,*,#314,.T.);
#864 = ORIENTED_EDGE('',*,*,#730,.F.);
#865 = ORIENTED_EDGE('',*,*,#866,.T.);
#866 = EDGE_CURVE('',#731,#709,#867,.T.);
#867 = CIRCLE('',#868,0.3);
#868 = AXIS2_PLACEMENT_3D('',#869,#870,#871);
#869 = CARTESIAN_POINT('',(2.6,1.15,4.85));
#870 = DIRECTION('',(0.,0.,1.));
#871 = DIRECTION('',(-1.,0.,0.));
#872 = CYLINDRICAL_SURFACE('',#873,0.3);
#873 = AXIS2_PLACEMENT_3D('',#874,#875,#876);
#874 = CARTESIAN_POINT('',(2.6,1.15,5.05));
#875 = DIRECTION('',(0.,0.,1.));
#876 = DIRECTION('',(-1.,0.,0.));
#877 = ADVANCED_FACE('',(#878),#890,.T.);
#878 = FACE_BOUND('',#879,.T.);
#879 = EDGE_LOOP('',(#880,#881,#882,#883));
#880 = ORIENTED_EDGE('',*,*,#739,.F.);
#881 = ORIENTED_EDGE('',*,*,#297,.F.);
#882 = ORIENTED_EDGE('',*,*,#761,.F.);
#883 = ORIENTED_EDGE('',*,*,#884,.T.);
#884 = EDGE_CURVE('',#762,#740,#885,.T.);
#885 = CIRCLE('',#886,0.3);
#886 = AXIS2_PLACEMENT_3D('',#887,#888,#889);
#887 = CARTESIAN_POINT('',(3.1,1.15,4.85));
#888 = DIRECTION('',(0.,0.,1.));
#889 = DIRECTION('',(-1.,0.,0.));
#890 = CYLINDRICAL_SURFACE('',#891,0.3);
#891 = AXIS2_PLACEMENT_3D('',#892,#893,#894);
#892 = CARTESIAN_POINT('',(3.1,1.15,5.05));
#893 = DIRECTION('',(0.,0.,1.));
#894 = DIRECTION('',(-1.,0.,0.));
#895 = ADVANCED_FACE('',(#896),#908,.T.);
#896 = FACE_BOUND('',#897,.T.);
#897 = EDGE_LOOP('',(#898,#899,#900,#901));
#898 = ORIENTED_EDGE('',*,*,#770,.F.);
#899 = ORIENTED_EDGE('',*,*,#348,.T.);
#900 = ORIENTED_EDGE('',*,*,#809,.F.);
#901 = ORIENTED_EDGE('',*,*,#902,.T.);
#902 = EDGE_CURVE('',#802,#771,#903,.T.);
#903 = CIRCLE('',#904,0.3);
#904 = AXIS2_PLACEMENT_3D('',#905,#906,#907);
#905 = CARTESIAN_POINT('',(3.1,-1.15,4.85));
#906 = DIRECTION('',(0.,0.,1.));
#907 = DIRECTION('',(-1.,0.,0.));
#908 = CYLINDRICAL_SURFACE('',#909,0.3);
#909 = AXIS2_PLACEMENT_3D('',#910,#911,#912);
#910 = CARTESIAN_POINT('',(3.1,-1.15,5.05));
#911 = DIRECTION('',(0.,0.,1.));
#912 = DIRECTION('',(-1.,0.,0.));
#913 = ADVANCED_FACE('',(#914),#926,.T.);
#914 = FACE_BOUND('',#915,.T.);
#915 = EDGE_LOOP('',(#916,#917,#918,#919));
#916 = ORIENTED_EDGE('',*,*,#793,.F.);
#917 = ORIENTED_EDGE('',*,*,#331,.F.);
#918 = ORIENTED_EDGE('',*,*,#699,.F.);
#919 = ORIENTED_EDGE('',*,*,#920,.T.);
#920 = EDGE_CURVE('',#700,#794,#921,.T.);
#921 = CIRCLE('',#922,0.3);
#922 = AXIS2_PLACEMENT_3D('',#923,#924,#925);
#923 = CARTESIAN_POINT('',(2.6,-1.15,4.85));
#924 = DIRECTION('',(0.,0.,1.));
#925 = DIRECTION('',(-1.,0.,0.));
#926 = CYLINDRICAL_SURFACE('',#927,0.3);
#927 = AXIS2_PLACEMENT_3D('',#928,#929,#930);
#928 = CARTESIAN_POINT('',(2.6,-1.15,5.05));
#929 = DIRECTION('',(0.,0.,1.));
#930 = DIRECTION('',(-1.,0.,0.));
#931 = ADVANCED_FACE('',(#932),#944,.T.);
#932 = FACE_BOUND('',#933,.T.);
#933 = EDGE_LOOP('',(#934,#935,#942,#943));
#934 = ORIENTED_EDGE('',*,*,#582,.F.);
#935 = ORIENTED_EDGE('',*,*,#936,.T.);
#936 = EDGE_CURVE('',#575,#536,#937,.T.);
#937 = CIRCLE('',#938,0.3);
#938 = AXIS2_PLACEMENT_3D('',#939,#940,#941);
#939 = CARTESIAN_POINT('',(-2.6,-1.15,4.85));
#940 = DIRECTION('',(0.,0.,1.));
#941 = DIRECTION('',(-1.,0.,0.));
#942 = ORIENTED_EDGE('',*,*,#535,.F.);
#943 = ORIENTED_EDGE('',*,*,#384,.F.);
#944 = CYLINDRICAL_SURFACE('',#945,0.3);
#945 = AXIS2_PLACEMENT_3D('',#946,#947,#948);
#946 = CARTESIAN_POINT('',(-2.6,-1.15,5.05));
#947 = DIRECTION('',(0.,0.,1.));
#948 = DIRECTION('',(-1.,0.,0.));
#949 = ADVANCED_FACE('',(#950),#962,.T.);
#950 = FACE_BOUND('',#951,.T.);
#951 = EDGE_LOOP('',(#952,#953,#960,#961));
#952 = ORIENTED_EDGE('',*,*,#613,.F.);
#953 = ORIENTED_EDGE('',*,*,#954,.T.);
#954 = EDGE_CURVE('',#606,#567,#955,.T.);
#955 = CIRCLE('',#956,0.3);
#956 = AXIS2_PLACEMENT_3D('',#957,#958,#959);
#957 = CARTESIAN_POINT('',(-3.1,-1.15,4.85));
#958 = DIRECTION('',(0.,0.,1.));
#959 = DIRECTION('',(-1.,0.,0.));
#960 = ORIENTED_EDGE('',*,*,#566,.F.);
#961 = ORIENTED_EDGE('',*,*,#367,.F.);
#962 = CYLINDRICAL_SURFACE('',#963,0.3);
#963 = AXIS2_PLACEMENT_3D('',#964,#965,#966);
#964 = CARTESIAN_POINT('',(-3.1,-1.15,5.05));
#965 = DIRECTION('',(0.,0.,1.));
#966 = DIRECTION('',(-1.,0.,0.));
#967 = ADVANCED_FACE('',(#968),#980,.T.);
#968 = FACE_BOUND('',#969,.T.);
#969 = EDGE_LOOP('',(#970,#971,#978,#979));
#970 = ORIENTED_EDGE('',*,*,#644,.F.);
#971 = ORIENTED_EDGE('',*,*,#972,.T.);
#972 = EDGE_CURVE('',#637,#598,#973,.T.);
#973 = CIRCLE('',#974,0.3);
#974 = AXIS2_PLACEMENT_3D('',#975,#976,#977);
#975 = CARTESIAN_POINT('',(-3.1,1.15,4.85));
#976 = DIRECTION('',(0.,0.,1.));
#977 = DIRECTION('',(-1.,0.,0.));
#978 = ORIENTED_EDGE('',*,*,#597,.F.);
#979 = ORIENTED_EDGE('',*,*,#418,.F.);
#980 = CYLINDRICAL_SURFACE('',#981,0.3);
#981 = AXIS2_PLACEMENT_3D('',#982,#983,#984);
#982 = CARTESIAN_POINT('',(-3.1,1.15,5.05));
#983 = DIRECTION('',(0.,0.,1.));
#984 = DIRECTION('',(-1.,0.,0.));
#985 = ADVANCED_FACE('',(#986),#998,.T.);
#986 = FACE_BOUND('',#987,.T.);
#987 = EDGE_LOOP('',(#988,#989,#996,#997));
#988 = ORIENTED_EDGE('',*,*,#551,.F.);
#989 = ORIENTED_EDGE('',*,*,#990,.T.);
#990 = EDGE_CURVE('',#544,#629,#991,.T.);
#991 = CIRCLE('',#992,0.3);
#992 = AXIS2_PLACEMENT_3D('',#993,#994,#995);
#993 = CARTESIAN_POINT('',(-2.6,1.15,4.85));
#994 = DIRECTION('',(0.,0.,1.));
#995 = DIRECTION('',(-1.,0.,0.));
#996 = ORIENTED_EDGE('',*,*,#628,.F.);
#997 = ORIENTED_EDGE('',*,*,#401,.F.);
#998 = CYLINDRICAL_SURFACE('',#999,0.3);
#999 = AXIS2_PLACEMENT_3D('',#1000,#1001,#1002);
#1000 = CARTESIAN_POINT('',(-2.6,1.15,5.05));
#1001 = DIRECTION('',(0.,0.,1.));
#1002 = DIRECTION('',(-1.,0.,0.));
#1003 = ADVANCED_FACE('',(#1004),#1021,.T.);
#1004 = FACE_BOUND('',#1005,.T.);
#1005 = EDGE_LOOP('',(#1006,#1013,#1014));
#1006 = ORIENTED_EDGE('',*,*,#1007,.F.);
#1007 = EDGE_CURVE('',#598,#662,#1008,.T.);
#1008 = CIRCLE('',#1009,0.3);
#1009 = AXIS2_PLACEMENT_3D('',#1010,#1011,#1012);
#1010 = CARTESIAN_POINT('',(-3.1,1.15,4.85));
#1011 = DIRECTION('',(0.,-1.,0.));
#1012 = DIRECTION('',(1.,0.,0.));
#1013 = ORIENTED_EDGE('',*,*,#972,.F.);
#1014 = ORIENTED_EDGE('',*,*,#1015,.F.);
#1015 = EDGE_CURVE('',#662,#637,#1016,.T.);
#1016 = CIRCLE('',#1017,0.3);
#1017 = AXIS2_PLACEMENT_3D('',#1018,#1019,#1020);
#1018 = CARTESIAN_POINT('',(-3.1,1.15,4.85));
#1019 = DIRECTION('',(1.,0.,-0.));
#1020 = DIRECTION('',(0.,-1.,0.));
#1021 = SPHERICAL_SURFACE('',#1022,0.3);
#1022 = AXIS2_PLACEMENT_3D('',#1023,#1024,#1025);
#1023 = CARTESIAN_POINT('',(-3.1,1.15,4.85));
#1024 = DIRECTION('',(0.,0.,1.));
#1025 = DIRECTION('',(-1.,0.,0.));
#1026 = ADVANCED_FACE('',(#1027),#1039,.T.);
#1027 = FACE_BOUND('',#1028,.T.);
#1028 = EDGE_LOOP('',(#1029,#1030,#1031,#1038));
#1029 = ORIENTED_EDGE('',*,*,#1015,.T.);
#1030 = ORIENTED_EDGE('',*,*,#636,.F.);
#1031 = ORIENTED_EDGE('',*,*,#1032,.F.);
#1032 = EDGE_CURVE('',#670,#629,#1033,.T.);
#1033 = CIRCLE('',#1034,0.3);
#1034 = AXIS2_PLACEMENT_3D('',#1035,#1036,#1037);
#1035 = CARTESIAN_POINT('',(-2.6,1.15,4.85));
#1036 = DIRECTION('',(1.,0.,-0.));
#1037 = DIRECTION('',(0.,-1.,0.));
#1038 = ORIENTED_EDGE('',*,*,#669,.F.);
#1039 = CYLINDRICAL_SURFACE('',#1040,0.3);
#1040 = AXIS2_PLACEMENT_3D('',#1041,#1042,#1043);
#1041 = CARTESIAN_POINT('',(-2.85,1.15,4.85));
#1042 = DIRECTION('',(-1.,0.,0.));
#1043 = DIRECTION('',(0.,-1.,0.));
#1044 = ADVANCED_FACE('',(#1045),#1057,.T.);
#1045 = FACE_BOUND('',#1046,.T.);
#1046 = EDGE_LOOP('',(#1047,#1048,#1049,#1056));
#1047 = ORIENTED_EDGE('',*,*,#1007,.T.);
#1048 = ORIENTED_EDGE('',*,*,#659,.F.);
#1049 = ORIENTED_EDGE('',*,*,#1050,.F.);
#1050 = EDGE_CURVE('',#606,#660,#1051,.T.);
#1051 = CIRCLE('',#1052,0.3);
#1052 = AXIS2_PLACEMENT_3D('',#1053,#1054,#1055);
#1053 = CARTESIAN_POINT('',(-3.1,-1.15,4.85));
#1054 = DIRECTION('',(0.,-1.,0.));
#1055 = DIRECTION('',(1.,0.,0.));
#1056 = ORIENTED_EDGE('',*,*,#605,.F.);
#1057 = CYLINDRICAL_SURFACE('',#1058,0.3);
#1058 = AXIS2_PLACEMENT_3D('',#1059,#1060,#1061);
#1059 = CARTESIAN_POINT('',(-3.1,0.,4.85));
#1060 = DIRECTION('',(0.,-1.,0.));
#1061 = DIRECTION('',(1.,0.,0.));
#1062 = ADVANCED_FACE('',(#1063),#1074,.T.);
#1063 = FACE_BOUND('',#1064,.T.);
#1064 = EDGE_LOOP('',(#1065,#1066,#1067));
#1065 = ORIENTED_EDGE('',*,*,#1032,.T.);
#1066 = ORIENTED_EDGE('',*,*,#990,.F.);
#1067 = ORIENTED_EDGE('',*,*,#1068,.F.);
#1068 = EDGE_CURVE('',#670,#544,#1069,.T.);
#1069 = CIRCLE('',#1070,0.3);
#1070 = AXIS2_PLACEMENT_3D('',#1071,#1072,#1073);
#1071 = CARTESIAN_POINT('',(-2.6,1.15,4.85));
#1072 = DIRECTION('',(0.,-1.,0.));
#1073 = DIRECTION('',(0.,0.,-1.));
#1074 = SPHERICAL_SURFACE('',#1075,0.3);
#1075 = AXIS2_PLACEMENT_3D('',#1076,#1077,#1078);
#1076 = CARTESIAN_POINT('',(-2.6,1.15,4.85));
#1077 = DIRECTION('',(0.,0.,1.));
#1078 = DIRECTION('',(-1.,0.,0.));
#1079 = ADVANCED_FACE('',(#1080),#1091,.T.);
#1080 = FACE_BOUND('',#1081,.T.);
#1081 = EDGE_LOOP('',(#1082,#1083,#1084));
#1082 = ORIENTED_EDGE('',*,*,#954,.F.);
#1083 = ORIENTED_EDGE('',*,*,#1050,.T.);
#1084 = ORIENTED_EDGE('',*,*,#1085,.F.);
#1085 = EDGE_CURVE('',#567,#660,#1086,.T.);
#1086 = CIRCLE('',#1087,0.3);
#1087 = AXIS2_PLACEMENT_3D('',#1088,#1089,#1090);
#1088 = CARTESIAN_POINT('',(-3.1,-1.15,4.85));
#1089 = DIRECTION('',(1.,0.,-0.));
#1090 = DIRECTION('',(0.,0.,1.));
#1091 = SPHERICAL_SURFACE('',#1092,0.3);
#1092 = AXIS2_PLACEMENT_3D('',#1093,#1094,#1095);
#1093 = CARTESIAN_POINT('',(-3.1,-1.15,4.85));
#1094 = DIRECTION('',(0.,0.,1.));
#1095 = DIRECTION('',(-1.,0.,0.));
#1096 = ADVANCED_FACE('',(#1097),#1109,.T.);
#1097 = FACE_BOUND('',#1098,.T.);
#1098 = EDGE_LOOP('',(#1099,#1100,#1101,#1108));
#1099 = ORIENTED_EDGE('',*,*,#1068,.T.);
#1100 = ORIENTED_EDGE('',*,*,#543,.F.);
#1101 = ORIENTED_EDGE('',*,*,#1102,.F.);
#1102 = EDGE_CURVE('',#678,#536,#1103,.T.);
#1103 = CIRCLE('',#1104,0.3);
#1104 = AXIS2_PLACEMENT_3D('',#1105,#1106,#1107);
#1105 = CARTESIAN_POINT('',(-2.6,-1.15,4.85));
#1106 = DIRECTION('',(0.,-1.,0.));
#1107 = DIRECTION('',(0.,0.,-1.));
#1108 = ORIENTED_EDGE('',*,*,#677,.F.);
#1109 = CYLINDRICAL_SURFACE('',#1110,0.3);
#1110 = AXIS2_PLACEMENT_3D('',#1111,#1112,#1113);
#1111 = CARTESIAN_POINT('',(-2.6,0.,4.85));
#1112 = DIRECTION('',(0.,1.,0.));
#1113 = DIRECTION('',(0.,0.,-1.));
#1114 = ADVANCED_FACE('',(#1115),#1127,.T.);
#1115 = FACE_BOUND('',#1116,.T.);
#1116 = EDGE_LOOP('',(#1117,#1118,#1119,#1126));
#1117 = ORIENTED_EDGE('',*,*,#1085,.T.);
#1118 = ORIENTED_EDGE('',*,*,#685,.F.);
#1119 = ORIENTED_EDGE('',*,*,#1120,.F.);
#1120 = EDGE_CURVE('',#575,#678,#1121,.T.);
#1121 = CIRCLE('',#1122,0.3);
#1122 = AXIS2_PLACEMENT_3D('',#1123,#1124,#1125);
#1123 = CARTESIAN_POINT('',(-2.6,-1.15,4.85));
#1124 = DIRECTION('',(1.,0.,-0.));
#1125 = DIRECTION('',(0.,0.,1.));
#1126 = ORIENTED_EDGE('',*,*,#574,.F.);
#1127 = CYLINDRICAL_SURFACE('',#1128,0.3);
#1128 = AXIS2_PLACEMENT_3D('',#1129,#1130,#1131);
#1129 = CARTESIAN_POINT('',(-2.85,-1.15,4.85));
#1130 = DIRECTION('',(1.,0.,0.));
#1131 = DIRECTION('',(0.,0.,1.));
#1132 = ADVANCED_FACE('',(#1133),#1138,.T.);
#1133 = FACE_BOUND('',#1134,.T.);
#1134 = EDGE_LOOP('',(#1135,#1136,#1137));
#1135 = ORIENTED_EDGE('',*,*,#1102,.T.);
#1136 = ORIENTED_EDGE('',*,*,#936,.F.);
#1137 = ORIENTED_EDGE('',*,*,#1120,.T.);
#1138 = SPHERICAL_SURFACE('',#1139,0.3);
#1139 = AXIS2_PLACEMENT_3D('',#1140,#1141,#1142);
#1140 = CARTESIAN_POINT('',(-2.6,-1.15,4.85));
#1141 = DIRECTION('',(0.,0.,1.));
#1142 = DIRECTION('',(-1.,0.,0.));
#1143 = ADVANCED_FACE('',(#1144),#1161,.T.);
#1144 = FACE_BOUND('',#1145,.T.);
#1145 = EDGE_LOOP('',(#1146,#1153,#1154));
#1146 = ORIENTED_EDGE('',*,*,#1147,.F.);
#1147 = EDGE_CURVE('',#771,#826,#1148,.T.);
#1148 = CIRCLE('',#1149,0.3);
#1149 = AXIS2_PLACEMENT_3D('',#1150,#1151,#1152);
#1150 = CARTESIAN_POINT('',(3.1,-1.15,4.85));
#1151 = DIRECTION('',(0.,1.,0.));
#1152 = DIRECTION('',(0.,0.,-1.));
#1153 = ORIENTED_EDGE('',*,*,#902,.F.);
#1154 = ORIENTED_EDGE('',*,*,#1155,.F.);
#1155 = EDGE_CURVE('',#826,#802,#1156,.T.);
#1156 = CIRCLE('',#1157,0.3);
#1157 = AXIS2_PLACEMENT_3D('',#1158,#1159,#1160);
#1158 = CARTESIAN_POINT('',(3.1,-1.15,4.85));
#1159 = DIRECTION('',(-1.,0.,0.));
#1160 = DIRECTION('',(0.,0.,1.));
#1161 = SPHERICAL_SURFACE('',#1162,0.3);
#1162 = AXIS2_PLACEMENT_3D('',#1163,#1164,#1165);
#1163 = CARTESIAN_POINT('',(3.1,-1.15,4.85));
#1164 = DIRECTION('',(0.,0.,1.));
#1165 = DIRECTION('',(-1.,0.,0.));
#1166 = ADVANCED_FACE('',(#1167),#1179,.T.);
#1167 = FACE_BOUND('',#1168,.T.);
#1168 = EDGE_LOOP('',(#1169,#1170,#1171,#1178));
#1169 = ORIENTED_EDGE('',*,*,#1155,.T.);
#1170 = ORIENTED_EDGE('',*,*,#801,.F.);
#1171 = ORIENTED_EDGE('',*,*,#1172,.F.);
#1172 = EDGE_CURVE('',#834,#794,#1173,.T.);
#1173 = CIRCLE('',#1174,0.3);
#1174 = AXIS2_PLACEMENT_3D('',#1175,#1176,#1177);
#1175 = CARTESIAN_POINT('',(2.6,-1.15,4.85));
#1176 = DIRECTION('',(-1.,0.,0.));
#1177 = DIRECTION('',(0.,0.,1.));
#1178 = ORIENTED_EDGE('',*,*,#833,.F.);
#1179 = CYLINDRICAL_SURFACE('',#1180,0.3);
#1180 = AXIS2_PLACEMENT_3D('',#1181,#1182,#1183);
#1181 = CARTESIAN_POINT('',(2.85,-1.15,4.85));
#1182 = DIRECTION('',(1.,0.,0.));
#1183 = DIRECTION('',(0.,0.,1.));
#1184 = ADVANCED_FACE('',(#1185),#1197,.T.);
#1185 = FACE_BOUND('',#1186,.T.);
#1186 = EDGE_LOOP('',(#1187,#1188,#1189,#1196));
#1187 = ORIENTED_EDGE('',*,*,#1147,.T.);
#1188 = ORIENTED_EDGE('',*,*,#823,.F.);
#1189 = ORIENTED_EDGE('',*,*,#1190,.F.);
#1190 = EDGE_CURVE('',#762,#824,#1191,.T.);
#1191 = CIRCLE('',#1192,0.3);
#1192 = AXIS2_PLACEMENT_3D('',#1193,#1194,#1195);
#1193 = CARTESIAN_POINT('',(3.1,1.15,4.85));
#1194 = DIRECTION('',(0.,1.,0.));
#1195 = DIRECTION('',(0.,0.,-1.));
#1196 = ORIENTED_EDGE('',*,*,#778,.F.);
#1197 = CYLINDRICAL_SURFACE('',#1198,0.3);
#1198 = AXIS2_PLACEMENT_3D('',#1199,#1200,#1201);
#1199 = CARTESIAN_POINT('',(3.1,0.,4.85));
#1200 = DIRECTION('',(0.,1.,0.));
#1201 = DIRECTION('',(0.,0.,-1.));
#1202 = ADVANCED_FACE('',(#1203),#1214,.T.);
#1203 = FACE_BOUND('',#1204,.T.);
#1204 = EDGE_LOOP('',(#1205,#1206,#1207));
#1205 = ORIENTED_EDGE('',*,*,#1172,.T.);
#1206 = ORIENTED_EDGE('',*,*,#920,.F.);
#1207 = ORIENTED_EDGE('',*,*,#1208,.F.);
#1208 = EDGE_CURVE('',#834,#700,#1209,.T.);
#1209 = CIRCLE('',#1210,0.3);
#1210 = AXIS2_PLACEMENT_3D('',#1211,#1212,#1213);
#1211 = CARTESIAN_POINT('',(2.6,-1.15,4.85));
#1212 = DIRECTION('',(0.,1.,0.));
#1213 = DIRECTION('',(0.,0.,1.));
#1214 = SPHERICAL_SURFACE('',#1215,0.3);
#1215 = AXIS2_PLACEMENT_3D('',#1216,#1217,#1218);
#1216 = CARTESIAN_POINT('',(2.6,-1.15,4.85));
#1217 = DIRECTION('',(0.,0.,1.));
#1218 = DIRECTION('',(-1.,0.,0.));
#1219 = ADVANCED_FACE('',(#1220),#1231,.T.);
#1220 = FACE_BOUND('',#1221,.T.);
#1221 = EDGE_LOOP('',(#1222,#1223,#1224));
#1222 = ORIENTED_EDGE('',*,*,#884,.F.);
#1223 = ORIENTED_EDGE('',*,*,#1190,.T.);
#1224 = ORIENTED_EDGE('',*,*,#1225,.F.);
#1225 = EDGE_CURVE('',#740,#824,#1226,.T.);
#1226 = CIRCLE('',#1227,0.3);
#1227 = AXIS2_PLACEMENT_3D('',#1228,#1229,#1230);
#1228 = CARTESIAN_POINT('',(3.1,1.15,4.85));
#1229 = DIRECTION('',(-1.,0.,0.));
#1230 = DIRECTION('',(0.,0.,-1.));
#1231 = SPHERICAL_SURFACE('',#1232,0.3);
#1232 = AXIS2_PLACEMENT_3D('',#1233,#1234,#1235);
#1233 = CARTESIAN_POINT('',(3.1,1.15,4.85));
#1234 = DIRECTION('',(0.,0.,1.));
#1235 = DIRECTION('',(-1.,0.,0.));
#1236 = ADVANCED_FACE('',(#1237),#1249,.T.);
#1237 = FACE_BOUND('',#1238,.T.);
#1238 = EDGE_LOOP('',(#1239,#1240,#1241,#1248));
#1239 = ORIENTED_EDGE('',*,*,#1208,.T.);
#1240 = ORIENTED_EDGE('',*,*,#716,.F.);
#1241 = ORIENTED_EDGE('',*,*,#1242,.F.);
#1242 = EDGE_CURVE('',#842,#709,#1243,.T.);
#1243 = CIRCLE('',#1244,0.3);
#1244 = AXIS2_PLACEMENT_3D('',#1245,#1246,#1247);
#1245 = CARTESIAN_POINT('',(2.6,1.15,4.85));
#1246 = DIRECTION('',(0.,1.,0.));
#1247 = DIRECTION('',(0.,0.,1.));
#1248 = ORIENTED_EDGE('',*,*,#841,.F.);
#1249 = CYLINDRICAL_SURFACE('',#1250,0.3);
#1250 = AXIS2_PLACEMENT_3D('',#1251,#1252,#1253);
#1251 = CARTESIAN_POINT('',(2.6,0.,4.85));
#1252 = DIRECTION('',(0.,-1.,0.));
#1253 = DIRECTION('',(0.,0.,1.));
#1254 = ADVANCED_FACE('',(#1255),#1267,.T.);
#1255 = FACE_BOUND('',#1256,.T.);
#1256 = EDGE_LOOP('',(#1257,#1258,#1259,#1266));
#1257 = ORIENTED_EDGE('',*,*,#1225,.T.);
#1258 = ORIENTED_EDGE('',*,*,#849,.F.);
#1259 = ORIENTED_EDGE('',*,*,#1260,.F.);
#1260 = EDGE_CURVE('',#731,#842,#1261,.T.);
#1261 = CIRCLE('',#1262,0.3);
#1262 = AXIS2_PLACEMENT_3D('',#1263,#1264,#1265);
#1263 = CARTESIAN_POINT('',(2.6,1.15,4.85));
#1264 = DIRECTION('',(-1.,0.,0.));
#1265 = DIRECTION('',(0.,0.,-1.));
#1266 = ORIENTED_EDGE('',*,*,#747,.F.);
#1267 = CYLINDRICAL_SURFACE('',#1268,0.3);
#1268 = AXIS2_PLACEMENT_3D('',#1269,#1270,#1271);
#1269 = CARTESIAN_POINT('',(2.85,1.15,4.85));
#1270 = DIRECTION('',(-1.,0.,0.));
#1271 = DIRECTION('',(0.,0.,-1.));
#1272 = ADVANCED_FACE('',(#1273),#1278,.T.);
#1273 = FACE_BOUND('',#1274,.T.);
#1274 = EDGE_LOOP('',(#1275,#1276,#1277));
#1275 = ORIENTED_EDGE('',*,*,#1242,.T.);
#1276 = ORIENTED_EDGE('',*,*,#866,.F.);
#1277 = ORIENTED_EDGE('',*,*,#1260,.T.);
#1278 = SPHERICAL_SURFACE('',#1279,0.3);
#1279 = AXIS2_PLACEMENT_3D('',#1280,#1281,#1282);
#1280 = CARTESIAN_POINT('',(2.6,1.15,4.85));
#1281 = DIRECTION('',(0.,0.,1.));
#1282 = DIRECTION('',(-1.,0.,0.));
#1283 = ADVANCED_FACE('',(#1284),#1410,.F.);
#1284 = FACE_BOUND('',#1285,.F.);
#1285 = EDGE_LOOP('',(#1286,#1296,#1308,#1332,#1350,#1358,#1370,#1394));
#1286 = ORIENTED_EDGE('',*,*,#1287,.F.);
#1287 = EDGE_CURVE('',#1288,#1290,#1292,.T.);
#1288 = VERTEX_POINT('',#1289);
#1289 = CARTESIAN_POINT('',(-6.260804454,-6.215599584,10.785004579));
#1290 = VERTEX_POINT('',#1291);
#1291 = CARTESIAN_POINT('',(6.260804454,-6.215599584,10.785004579));
#1292 = LINE('',#1293,#1294);
#1293 = CARTESIAN_POINT('',(-6.260804454,-6.215599584,10.785004579));
#1294 = VECTOR('',#1295,1.);
#1295 = DIRECTION('',(1.,0.,0.));
#1296 = ORIENTED_EDGE('',*,*,#1297,.F.);
#1297 = EDGE_CURVE('',#1298,#1288,#1300,.T.);
#1298 = VERTEX_POINT('',#1299);
#1299 = CARTESIAN_POINT('',(-6.897467225,-5.667083696,10.661002856));
#1300 = B_SPLINE_CURVE_WITH_KNOTS('',3,(#1301,#1302,#1303,#1304,#1305,
    #1306,#1307),.UNSPECIFIED.,.F.,.F.,(4,3,4),(0.,4.70078E-04,
    9.40157E-04),.UNSPECIFIED.);
#1301 = CARTESIAN_POINT('',(-6.897467225,-5.667083696,10.661002856));
#1302 = CARTESIAN_POINT('',(-6.887426823,-5.818919569,10.693743559));
#1303 = CARTESIAN_POINT('',(-6.812159524,-5.961945122,10.726049155));
#1304 = CARTESIAN_POINT('',(-6.693800203,-6.061724475,10.749063089));
#1305 = CARTESIAN_POINT('',(-6.575440881,-6.161503828,10.772077023));
#1306 = CARTESIAN_POINT('',(-6.419694258,-6.215599584,10.785004579));
#1307 = CARTESIAN_POINT('',(-6.260804454,-6.215599584,10.785004579));
#1308 = ORIENTED_EDGE('',*,*,#1309,.F.);
#1309 = EDGE_CURVE('',#1310,#1298,#1312,.T.);
#1310 = VERTEX_POINT('',#1311);
#1311 = CARTESIAN_POINT('',(-6.897467225,5.667083696,10.661002856));
#1312 = B_SPLINE_CURVE_WITH_KNOTS('',3,(#1313,#1314,#1315,#1316,#1317,
    #1318,#1319,#1320,#1321,#1322,#1323,#1324,#1325,#1326,#1327,#1328,
    #1329,#1330,#1331),.UNSPECIFIED.,.F.,.F.,(4,3,3,3,3,3,4),(0.,
    2.921319E-03,4.381979E-03,5.842638E-03,7.303298E-03,8.763958E-03,
    1.1685277E-02),.UNSPECIFIED.);
#1313 = CARTESIAN_POINT('',(-6.897467225,5.667083697,10.661002856));
#1314 = CARTESIAN_POINT('',(-6.959079468,4.735353155,10.460091752));
#1315 = CARTESIAN_POINT('',(-7.005996492,3.796836719,10.307239462));
#1316 = CARTESIAN_POINT('',(-7.037499699,2.850887544,10.204626583));
#1317 = CARTESIAN_POINT('',(-7.053251303,2.377912957,10.153320144));
#1318 = CARTESIAN_POINT('',(-7.065156373,1.902414435,10.114551198));
#1319 = CARTESIAN_POINT('',(-7.073086051,1.426800807,10.088730284));
#1320 = CARTESIAN_POINT('',(-7.08101573,0.951187179,10.062909369));
#1321 = CARTESIAN_POINT('',(-7.0849801,0.475647648,10.050002419));
#1322 = CARTESIAN_POINT('',(-7.084980843,1.336810000012E-04,10.05));
#1323 = CARTESIAN_POINT('',(-7.084981586,-0.475380286,10.049997582));
#1324 = CARTESIAN_POINT('',(-7.081018702,-0.950868827,10.062899695));
#1325 = CARTESIAN_POINT('',(-7.073093059,-1.426380438,10.088707465));
#1326 = CARTESIAN_POINT('',(-7.065167416,-1.90189205,10.114515236));
#1327 = CARTESIAN_POINT('',(-7.053262882,-2.377513775,10.15328225));
#1328 = CARTESIAN_POINT('',(-7.037509644,-2.850587228,10.204594008));
#1329 = CARTESIAN_POINT('',(-7.006003168,-3.796734135,10.307217524));
#1330 = CARTESIAN_POINT('',(-6.959079831,-4.735347667,10.460090568));
#1331 = CARTESIAN_POINT('',(-6.897467225,-5.667083696,10.661002856));
#1332 = ORIENTED_EDGE('',*,*,#1333,.F.);
#1333 = EDGE_CURVE('',#1334,#1310,#1336,.T.);
#1334 = VERTEX_POINT('',#1335);
#1335 = CARTESIAN_POINT('',(-6.260804454,6.215599584,10.785004579));
#1336 = B_SPLINE_CURVE_WITH_KNOTS('',3,(#1337,#1338,#1339,#1340,#1341,
    #1342,#1343,#1344,#1345,#1346,#1347,#1348,#1349),.UNSPECIFIED.,.F.,
  .F.,(4,3,3,3,4),(-0.,2.3496E-04,4.69921E-04,7.04881E-04,9.39842E-04),
  .UNSPECIFIED.);
#1337 = CARTESIAN_POINT('',(-6.260804454,6.215599585,10.785004579));
#1338 = CARTESIAN_POINT('',(-6.340179148,6.215599585,10.785004579));
#1339 = CARTESIAN_POINT('',(-6.419210005,6.202127144,10.781808923));
#1340 = CARTESIAN_POINT('',(-6.492672454,6.176154043,10.775705185));
#1341 = CARTESIAN_POINT('',(-6.566134904,6.150180942,10.769601446));
#1342 = CARTESIAN_POINT('',(-6.635379211,6.111047058,10.760438722));
#1343 = CARTESIAN_POINT('',(-6.694137752,6.061440137,10.748997508));
#1344 = CARTESIAN_POINT('',(-6.752896293,6.011833215,10.737556295));
#1345 = CARTESIAN_POINT('',(-6.801918484,5.951222077,10.723721633));
#1346 = CARTESIAN_POINT('',(-6.836848224,5.883761818,10.708618847));
#1347 = CARTESIAN_POINT('',(-6.871777963,5.816301558,10.69351606));
#1348 = CARTESIAN_POINT('',(-6.89245278,5.742914581,10.677354436));
#1349 = CARTESIAN_POINT('',(-6.897467225,5.667083696,10.661002856));
#1350 = ORIENTED_EDGE('',*,*,#1351,.F.);
#1351 = EDGE_CURVE('',#1352,#1334,#1354,.T.);
#1352 = VERTEX_POINT('',#1353);
#1353 = CARTESIAN_POINT('',(6.260804454,6.215599584,10.785004579));
#1354 = LINE('',#1355,#1356);
#1355 = CARTESIAN_POINT('',(6.260804454,6.215599584,10.785004579));
#1356 = VECTOR('',#1357,1.);
#1357 = DIRECTION('',(-1.,0.,0.));
#1358 = ORIENTED_EDGE('',*,*,#1359,.F.);
#1359 = EDGE_CURVE('',#1360,#1352,#1362,.T.);
#1360 = VERTEX_POINT('',#1361);
#1361 = CARTESIAN_POINT('',(6.897467225,5.667083696,10.661002856));
#1362 = B_SPLINE_CURVE_WITH_KNOTS('',3,(#1363,#1364,#1365,#1366,#1367,
    #1368,#1369),.UNSPECIFIED.,.F.,.F.,(4,3,4),(0.,4.70078E-04,
    9.40157E-04),.UNSPECIFIED.);
#1363 = CARTESIAN_POINT('',(6.897467225,5.667083696,10.661002856));
#1364 = CARTESIAN_POINT('',(6.887426823,5.818919569,10.693743559));
#1365 = CARTESIAN_POINT('',(6.812159524,5.961945122,10.726049155));
#1366 = CARTESIAN_POINT('',(6.693800203,6.061724475,10.749063089));
#1367 = CARTESIAN_POINT('',(6.575440881,6.161503828,10.772077023));
#1368 = CARTESIAN_POINT('',(6.419694258,6.215599584,10.785004579));
#1369 = CARTESIAN_POINT('',(6.260804454,6.215599584,10.785004579));
#1370 = ORIENTED_EDGE('',*,*,#1371,.F.);
#1371 = EDGE_CURVE('',#1372,#1360,#1374,.T.);
#1372 = VERTEX_POINT('',#1373);
#1373 = CARTESIAN_POINT('',(6.897467225,-5.667083696,10.661002856));
#1374 = B_SPLINE_CURVE_WITH_KNOTS('',3,(#1375,#1376,#1377,#1378,#1379,
    #1380,#1381,#1382,#1383,#1384,#1385,#1386,#1387,#1388,#1389,#1390,
    #1391,#1392,#1393),.UNSPECIFIED.,.F.,.F.,(4,3,3,3,3,3,4),(-0.,
    2.921319E-03,4.381979E-03,5.842638E-03,7.303298E-03,8.763958E-03,
    1.1685277E-02),.UNSPECIFIED.);
#1375 = CARTESIAN_POINT('',(6.897467225,-5.667083697,10.661002856));
#1376 = CARTESIAN_POINT('',(6.959079468,-4.735353155,10.460091752));
#1377 = CARTESIAN_POINT('',(7.005996492,-3.796836719,10.307239462));
#1378 = CARTESIAN_POINT('',(7.037499699,-2.850887544,10.204626583));
#1379 = CARTESIAN_POINT('',(7.053251303,-2.377912957,10.153320144));
#1380 = CARTESIAN_POINT('',(7.065156373,-1.902414435,10.114551198));
#1381 = CARTESIAN_POINT('',(7.073086051,-1.426800807,10.088730284));
#1382 = CARTESIAN_POINT('',(7.08101573,-0.951187179,10.062909369));
#1383 = CARTESIAN_POINT('',(7.0849801,-0.475647648,10.050002419));
#1384 = CARTESIAN_POINT('',(7.084980843,-1.336810000012E-04,10.05));
#1385 = CARTESIAN_POINT('',(7.084981586,0.475380286,10.049997582));
#1386 = CARTESIAN_POINT('',(7.081018702,0.950868827,10.062899695));
#1387 = CARTESIAN_POINT('',(7.073093059,1.426380438,10.088707465));
#1388 = CARTESIAN_POINT('',(7.065167416,1.90189205,10.114515236));
#1389 = CARTESIAN_POINT('',(7.053262882,2.377513775,10.15328225));
#1390 = CARTESIAN_POINT('',(7.037509644,2.850587228,10.204594008));
#1391 = CARTESIAN_POINT('',(7.006003168,3.796734135,10.307217524));
#1392 = CARTESIAN_POINT('',(6.959079831,4.735347667,10.460090568));
#1393 = CARTESIAN_POINT('',(6.897467225,5.667083696,10.661002856));
#1394 = ORIENTED_EDGE('',*,*,#1395,.F.);
#1395 = EDGE_CURVE('',#1290,#1372,#1396,.T.);
#1396 = B_SPLINE_CURVE_WITH_KNOTS('',3,(#1397,#1398,#1399,#1400,#1401,
    #1402,#1403,#1404,#1405,#1406,#1407,#1408,#1409),.UNSPECIFIED.,.F.,
  .F.,(4,3,3,3,4),(-0.,2.3496E-04,4.69921E-04,7.04881E-04,9.39842E-04),
  .UNSPECIFIED.);
#1397 = CARTESIAN_POINT('',(6.260804454,-6.215599585,10.785004579));
#1398 = CARTESIAN_POINT('',(6.340179148,-6.215599585,10.785004579));
#1399 = CARTESIAN_POINT('',(6.419210005,-6.202127144,10.781808923));
#1400 = CARTESIAN_POINT('',(6.492672454,-6.176154043,10.775705185));
#1401 = CARTESIAN_POINT('',(6.566134904,-6.150180942,10.769601446));
#1402 = CARTESIAN_POINT('',(6.635379211,-6.111047058,10.760438722));
#1403 = CARTESIAN_POINT('',(6.694137752,-6.061440137,10.748997508));
#1404 = CARTESIAN_POINT('',(6.752896293,-6.011833215,10.737556295));
#1405 = CARTESIAN_POINT('',(6.801918484,-5.951222077,10.723721633));
#1406 = CARTESIAN_POINT('',(6.836848224,-5.883761818,10.708618847));
#1407 = CARTESIAN_POINT('',(6.871777963,-5.816301558,10.69351606));
#1408 = CARTESIAN_POINT('',(6.89245278,-5.742914581,10.677354436));
#1409 = CARTESIAN_POINT('',(6.897467225,-5.667083696,10.661002856));
#1410 = B_SPLINE_SURFACE_WITH_KNOTS('',3,1,(
    (#1411,#1412)
    ,(#1413,#1414)
    ,(#1415,#1416)
    ,(#1417,#1418)
    ,(#1419,#1420)
    ,(#1421,#1422
    )),.UNSPECIFIED.,.F.,.F.,.F.,(4,2,4),(2,2),(7.1337931E-02,0.5,
    0.928662069),(0.3476394,0.741249489),.UNSPECIFIED.);
#1411 = CARTESIAN_POINT('',(7.084981586,6.2156,10.785004678));
#1412 = CARTESIAN_POINT('',(-7.084981586,6.2156,10.785004678));
#1413 = CARTESIAN_POINT('',(7.084981586,4.143733334,10.295001559));
#1414 = CARTESIAN_POINT('',(-7.084981586,4.143733334,10.295001559));
#1415 = CARTESIAN_POINT('',(7.084981586,2.071866667,10.05));
#1416 = CARTESIAN_POINT('',(-7.084981586,2.071866667,10.05));
#1417 = CARTESIAN_POINT('',(7.084981586,-2.071866667,10.05));
#1418 = CARTESIAN_POINT('',(-7.084981586,-2.071866667,10.05));
#1419 = CARTESIAN_POINT('',(7.084981586,-4.143733334,10.295001559));
#1420 = CARTESIAN_POINT('',(-7.084981586,-4.143733334,10.295001559));
#1421 = CARTESIAN_POINT('',(7.084981586,-6.2156,10.785004678));
#1422 = CARTESIAN_POINT('',(-7.084981586,-6.2156,10.785004678));
#1423 = ADVANCED_FACE('',(#1424),#1454,.T.);
#1424 = FACE_BOUND('',#1425,.T.);
#1425 = EDGE_LOOP('',(#1426,#1427,#1452,#1453));
#1426 = ORIENTED_EDGE('',*,*,#147,.F.);
#1427 = ORIENTED_EDGE('',*,*,#1428,.T.);
#1428 = EDGE_CURVE('',#140,#241,#1429,.T.);
#1429 = B_SPLINE_CURVE_WITH_KNOTS('',3,(#1430,#1431,#1432,#1433,#1434,
    #1435,#1436,#1437,#1438,#1439,#1440,#1441,#1442,#1443,#1444,#1445,
    #1446,#1447,#1448,#1449,#1450,#1451),.UNSPECIFIED.,.F.,.F.,(4,3,3,3,
    3,3,3,4),(0.,2.35039E-04,3.52559E-04,4.70078E-04,5.87598E-04,
    7.05118E-04,8.22637E-04,9.40157E-04),.UNSPECIFIED.);
#1430 = CARTESIAN_POINT('',(-6.260804454,-6.958087311,10.356375631));
#1431 = CARTESIAN_POINT('',(-6.413634901,-6.952027954,10.376573488));
#1432 = CARTESIAN_POINT('',(-6.56320056,-6.919603725,10.389262914));
#1433 = CARTESIAN_POINT('',(-6.706536846,-6.860839989,10.394090604));
#1434 = CARTESIAN_POINT('',(-6.778204989,-6.831458121,10.396504449));
#1435 = CARTESIAN_POINT('',(-6.846555231,-6.79612328,10.396870515));
#1436 = CARTESIAN_POINT('',(-6.911626951,-6.754893612,10.395229986));
#1437 = CARTESIAN_POINT('',(-6.976698672,-6.713663945,10.393589458));
#1438 = CARTESIAN_POINT('',(-7.039054147,-6.666004202,10.389881181));
#1439 = CARTESIAN_POINT('',(-7.096426456,-6.613209486,10.38414554));
#1440 = CARTESIAN_POINT('',(-7.153798765,-6.560414769,10.3784099));
#1441 = CARTESIAN_POINT('',(-7.205757378,-6.503090931,10.370745495));
#1442 = CARTESIAN_POINT('',(-7.252306658,-6.441232408,10.361176055));
#1443 = CARTESIAN_POINT('',(-7.298855939,-6.379373885,10.351606615));
#1444 = CARTESIAN_POINT('',(-7.340342628,-6.31213537,10.339962131));
#1445 = CARTESIAN_POINT('',(-7.374614415,-6.242621734,10.326768841));
#1446 = CARTESIAN_POINT('',(-7.408886203,-6.173108098,10.313575551));
#1447 = CARTESIAN_POINT('',(-7.436253763,-6.101220318,10.298850626));
#1448 = CARTESIAN_POINT('',(-7.456673111,-6.026939246,10.28259989));
#1449 = CARTESIAN_POINT('',(-7.477092459,-5.952658174,10.266349154));
#1450 = CARTESIAN_POINT('',(-7.490447615,-5.875789337,10.248507949));
#1451 = CARTESIAN_POINT('',(-7.496108653,-5.798825796,10.229637824));
#1452 = ORIENTED_EDGE('',*,*,#240,.F.);
#1453 = ORIENTED_EDGE('',*,*,#65,.F.);
#1454 = CYLINDRICAL_SURFACE('',#1455,1.25);
#1455 = AXIS2_PLACEMENT_3D('',#1456,#1457,#1458);
#1456 = CARTESIAN_POINT('',(-6.347425158,-5.847425158,9.708455095));
#1457 = DIRECTION('',(0.276172385031,0.276172385031,0.920574618102));
#1458 = DIRECTION('',(-0.957826285316,-2.329287036935E-10,0.287347885249
    ));
#1459 = ADVANCED_FACE('',(#1460),#1487,.T.);
#1460 = FACE_BOUND('',#1461,.T.);
#1461 = EDGE_LOOP('',(#1462,#1463,#1485,#1486));
#1462 = ORIENTED_EDGE('',*,*,#194,.F.);
#1463 = ORIENTED_EDGE('',*,*,#1464,.T.);
#1464 = EDGE_CURVE('',#171,#132,#1465,.T.);
#1465 = B_SPLINE_CURVE_WITH_KNOTS('',3,(#1466,#1467,#1468,#1469,#1470,
    #1471,#1472,#1473,#1474,#1475,#1476,#1477,#1478,#1479,#1480,#1481,
    #1482,#1483,#1484),.UNSPECIFIED.,.F.,.F.,(4,3,3,3,3,3,4),(-0.,
    1.1748E-04,2.3496E-04,3.52441E-04,4.69921E-04,7.04881E-04,
    9.39842E-04),.UNSPECIFIED.);
#1466 = CARTESIAN_POINT('',(7.496108653,-5.798825796,10.229637824));
#1467 = CARTESIAN_POINT('',(7.490454106,-5.875701087,10.248486312));
#1468 = CARTESIAN_POINT('',(7.477392552,-5.951086294,10.265987894));
#1469 = CARTESIAN_POINT('',(7.457194205,-6.025037487,10.282183642));
#1470 = CARTESIAN_POINT('',(7.436995859,-6.098988681,10.298379391));
#1471 = CARTESIAN_POINT('',(7.409240395,-6.172272847,10.313409257));
#1472 = CARTESIAN_POINT('',(7.374975503,-6.241888768,10.326629639));
#1473 = CARTESIAN_POINT('',(7.340710612,-6.311504689,10.33985002));
#1474 = CARTESIAN_POINT('',(7.300223989,-6.377322817,10.351265801));
#1475 = CARTESIAN_POINT('',(7.253656091,-6.439435585,10.360898144));
#1476 = CARTESIAN_POINT('',(7.207088192,-6.501548352,10.370530486));
#1477 = CARTESIAN_POINT('',(7.154045398,-6.560115212,10.378365858));
#1478 = CARTESIAN_POINT('',(7.097080621,-6.612607374,10.384079571));
#1479 = CARTESIAN_POINT('',(6.983151069,-6.717591697,10.395506997));
#1480 = CARTESIAN_POINT('',(6.84927415,-6.802189215,10.39886191));
#1481 = CARTESIAN_POINT('',(6.70751369,-6.860439483,10.394122363));
#1482 = CARTESIAN_POINT('',(6.565753229,-6.91868975,10.389382816));
#1483 = CARTESIAN_POINT('',(6.41349984,-6.952033308,10.376555638));
#1484 = CARTESIAN_POINT('',(6.260804454,-6.958087311,10.356375631));
#1485 = ORIENTED_EDGE('',*,*,#131,.F.);
#1486 = ORIENTED_EDGE('',*,*,#116,.F.);
#1487 = CYLINDRICAL_SURFACE('',#1488,1.25);
#1488 = AXIS2_PLACEMENT_3D('',#1489,#1490,#1491);
#1489 = CARTESIAN_POINT('',(6.347425158,-5.847425158,9.708455095));
#1490 = DIRECTION('',(-0.276172385031,0.276172385031,0.920574618102));
#1491 = DIRECTION('',(-2.329287138485E-10,0.957826285316,-0.287347885249
    ));
#1492 = ADVANCED_FACE('',(#1493),#1523,.T.);
#1493 = FACE_BOUND('',#1494,.T.);
#1494 = EDGE_LOOP('',(#1495,#1496,#1521,#1522));
#1495 = ORIENTED_EDGE('',*,*,#225,.F.);
#1496 = ORIENTED_EDGE('',*,*,#1497,.T.);
#1497 = EDGE_CURVE('',#218,#163,#1498,.T.);
#1498 = B_SPLINE_CURVE_WITH_KNOTS('',3,(#1499,#1500,#1501,#1502,#1503,
    #1504,#1505,#1506,#1507,#1508,#1509,#1510,#1511,#1512,#1513,#1514,
    #1515,#1516,#1517,#1518,#1519,#1520),.UNSPECIFIED.,.F.,.F.,(4,3,3,3,
    3,3,3,4),(0.,2.35039E-04,3.52559E-04,4.70078E-04,5.87598E-04,
    7.05118E-04,8.22637E-04,9.40157E-04),.UNSPECIFIED.);
#1499 = CARTESIAN_POINT('',(6.260804454,6.958087311,10.356375631));
#1500 = CARTESIAN_POINT('',(6.413634901,6.952027954,10.376573488));
#1501 = CARTESIAN_POINT('',(6.56320056,6.919603725,10.389262914));
#1502 = CARTESIAN_POINT('',(6.706536846,6.860839989,10.394090604));
#1503 = CARTESIAN_POINT('',(6.778204989,6.831458121,10.396504449));
#1504 = CARTESIAN_POINT('',(6.846555231,6.79612328,10.396870515));
#1505 = CARTESIAN_POINT('',(6.911626951,6.754893612,10.395229986));
#1506 = CARTESIAN_POINT('',(6.976698672,6.713663945,10.393589458));
#1507 = CARTESIAN_POINT('',(7.039054147,6.666004202,10.389881181));
#1508 = CARTESIAN_POINT('',(7.096426456,6.613209486,10.38414554));
#1509 = CARTESIAN_POINT('',(7.153798765,6.560414769,10.3784099));
#1510 = CARTESIAN_POINT('',(7.205757378,6.503090931,10.370745495));
#1511 = CARTESIAN_POINT('',(7.252306658,6.441232408,10.361176055));
#1512 = CARTESIAN_POINT('',(7.298855939,6.379373885,10.351606615));
#1513 = CARTESIAN_POINT('',(7.340342628,6.31213537,10.339962131));
#1514 = CARTESIAN_POINT('',(7.374614415,6.242621734,10.326768841));
#1515 = CARTESIAN_POINT('',(7.408886203,6.173108098,10.313575551));
#1516 = CARTESIAN_POINT('',(7.436253763,6.101220318,10.298850626));
#1517 = CARTESIAN_POINT('',(7.456673111,6.026939246,10.28259989));
#1518 = CARTESIAN_POINT('',(7.477092459,5.952658174,10.266349154));
#1519 = CARTESIAN_POINT('',(7.490447615,5.875789337,10.248507949));
#1520 = CARTESIAN_POINT('',(7.496108653,5.798825796,10.229637824));
#1521 = ORIENTED_EDGE('',*,*,#162,.F.);
#1522 = ORIENTED_EDGE('',*,*,#99,.F.);
#1523 = CYLINDRICAL_SURFACE('',#1524,1.25);
#1524 = AXIS2_PLACEMENT_3D('',#1525,#1526,#1527);
#1525 = CARTESIAN_POINT('',(6.347425158,5.847425158,9.708455095));
#1526 = DIRECTION('',(-0.276172385031,-0.276172385031,0.920574618102));
#1527 = DIRECTION('',(2.329287138485E-10,0.957826285316,0.287347885249)
  );
#1528 = ADVANCED_FACE('',(#1529),#1556,.T.);
#1529 = FACE_BOUND('',#1530,.T.);
#1530 = EDGE_LOOP('',(#1531,#1532,#1554,#1555));
#1531 = ORIENTED_EDGE('',*,*,#272,.F.);
#1532 = ORIENTED_EDGE('',*,*,#1533,.T.);
#1533 = EDGE_CURVE('',#249,#210,#1534,.T.);
#1534 = B_SPLINE_CURVE_WITH_KNOTS('',3,(#1535,#1536,#1537,#1538,#1539,
    #1540,#1541,#1542,#1543,#1544,#1545,#1546,#1547,#1548,#1549,#1550,
    #1551,#1552,#1553),.UNSPECIFIED.,.F.,.F.,(4,3,3,3,3,3,4),(-0.,
    1.1748E-04,2.3496E-04,3.52441E-04,4.69921E-04,7.04881E-04,
    9.39842E-04),.UNSPECIFIED.);
#1535 = CARTESIAN_POINT('',(-7.496108653,5.798825796,10.229637824));
#1536 = CARTESIAN_POINT('',(-7.490454106,5.875701087,10.248486312));
#1537 = CARTESIAN_POINT('',(-7.477392552,5.951086294,10.265987894));
#1538 = CARTESIAN_POINT('',(-7.457194205,6.025037487,10.282183642));
#1539 = CARTESIAN_POINT('',(-7.436995859,6.098988681,10.298379391));
#1540 = CARTESIAN_POINT('',(-7.409240395,6.172272847,10.313409257));
#1541 = CARTESIAN_POINT('',(-7.374975503,6.241888768,10.326629639));
#1542 = CARTESIAN_POINT('',(-7.340710612,6.311504689,10.33985002));
#1543 = CARTESIAN_POINT('',(-7.300223989,6.377322817,10.351265801));
#1544 = CARTESIAN_POINT('',(-7.253656091,6.439435585,10.360898144));
#1545 = CARTESIAN_POINT('',(-7.207088192,6.501548352,10.370530486));
#1546 = CARTESIAN_POINT('',(-7.154045398,6.560115212,10.378365858));
#1547 = CARTESIAN_POINT('',(-7.097080621,6.612607374,10.384079571));
#1548 = CARTESIAN_POINT('',(-6.983151069,6.717591697,10.395506997));
#1549 = CARTESIAN_POINT('',(-6.84927415,6.802189215,10.39886191));
#1550 = CARTESIAN_POINT('',(-6.70751369,6.860439483,10.394122363));
#1551 = CARTESIAN_POINT('',(-6.565753229,6.91868975,10.389382816));
#1552 = CARTESIAN_POINT('',(-6.41349984,6.952033308,10.376555638));
#1553 = CARTESIAN_POINT('',(-6.260804454,6.958087311,10.356375631));
#1554 = ORIENTED_EDGE('',*,*,#209,.F.);
#1555 = ORIENTED_EDGE('',*,*,#82,.F.);
#1556 = CYLINDRICAL_SURFACE('',#1557,1.25);
#1557 = AXIS2_PLACEMENT_3D('',#1558,#1559,#1560);
#1558 = CARTESIAN_POINT('',(-6.347425158,5.847425158,9.708455095));
#1559 = DIRECTION('',(0.276172385031,-0.276172385031,0.920574618102));
#1560 = DIRECTION('',(-0.957826285316,2.329287036935E-10,0.287347885249)
  );
#1561 = ADVANCED_FACE('',(#1562),#1580,.T.);
#1562 = FACE_BOUND('',#1563,.T.);
#1563 = EDGE_LOOP('',(#1564,#1571,#1572,#1579));
#1564 = ORIENTED_EDGE('',*,*,#1565,.F.);
#1565 = EDGE_CURVE('',#163,#1360,#1566,.T.);
#1566 = CIRCLE('',#1567,0.625);
#1567 = AXIS2_PLACEMENT_3D('',#1568,#1569,#1570);
#1568 = CARTESIAN_POINT('',(6.897467225,5.798825796,10.050045395));
#1569 = DIRECTION('',(6.311015097144E-02,-0.975583293559,-0.210367169905
    ));
#1570 = DIRECTION('',(2.393841615696E-11,-0.21078736027,0.977531937458)
  );
#1571 = ORIENTED_EDGE('',*,*,#1497,.F.);
#1572 = ORIENTED_EDGE('',*,*,#1573,.F.);
#1573 = EDGE_CURVE('',#1352,#218,#1574,.T.);
#1574 = CIRCLE('',#1575,0.625);
#1575 = AXIS2_PLACEMENT_3D('',#1576,#1577,#1578);
#1576 = CARTESIAN_POINT('',(6.260804454,6.359445882,10.176783203));
#1577 = DIRECTION('',(-1.,0.,0.));
#1578 = DIRECTION('',(0.,0.,-1.));
#1579 = ORIENTED_EDGE('',*,*,#1359,.F.);
#1580 = B_SPLINE_SURFACE_WITH_KNOTS('',3,3,(
    (#1581,#1582,#1583,#1584,#1585,#1586,#1587,#1588,#1589,#1590)
    ,(#1591,#1592,#1593,#1594,#1595,#1596,#1597,#1598,#1599,#1600)
    ,(#1601,#1602,#1603,#1604,#1605,#1606,#1607,#1608,#1609,#1610)
    ,(#1611,#1612,#1613,#1614,#1615,#1616,#1617,#1618,#1619,#1620)
    ,(#1621,#1622,#1623,#1624,#1625,#1626,#1627,#1628,#1629,#1630)
    ,(#1631,#1632,#1633,#1634,#1635,#1636,#1637,#1638,#1639,#1640)
    ,(#1641,#1642,#1643,#1644,#1645,#1646,#1647,#1648,#1649,#1650)
    ,(#1651,#1652,#1653,#1654,#1655,#1656,#1657,#1658,#1659,#1660)
    ,(#1661,#1662,#1663,#1664,#1665,#1666,#1667,#1668,#1669,#1670)
    ,(#1671,#1672,#1673,#1674,#1675,#1676,#1677,#1678,#1679,#1680)
    ,(#1681,#1682,#1683,#1684,#1685,#1686,#1687,#1688,#1689,#1690)
    ,(#1691,#1692,#1693,#1694,#1695,#1696,#1697,#1698,#1699,#1700)
    ,(#1701,#1702,#1703,#1704,#1705,#1706,#1707,#1708,#1709,#1710)
    ,(#1711,#1712,#1713,#1714,#1715,#1716,#1717,#1718,#1719,#1720)
    ,(#1721,#1722,#1723,#1724,#1725,#1726,#1727,#1728,#1729,#1730)
    ,(#1731,#1732,#1733,#1734,#1735,#1736,#1737,#1738,#1739,#1740)
    ,(#1741,#1742,#1743,#1744,#1745,#1746,#1747,#1748,#1749,#1750)
    ,(#1751,#1752,#1753,#1754,#1755,#1756,#1757,#1758,#1759,#1760
  )),.UNSPECIFIED.,.F.,.F.,.F.,(4,2,2,2,2,2,2,2,4),(4,2,2,2,4),(0.,
    1.1752E-04,2.35039E-04,3.52559E-04,4.70078E-04,5.87598E-04,
    7.05118E-04,8.22637E-04,9.40157E-04),(0.,0.25,0.5,0.75,1.),
  .UNSPECIFIED.);
#1581 = CARTESIAN_POINT('',(6.260804454,6.215599584,10.785004579));
#1582 = CARTESIAN_POINT('',(6.260804454,6.292213963,10.803124125));
#1583 = CARTESIAN_POINT('',(6.260804454,6.372266275,10.806591681));
#1584 = CARTESIAN_POINT('',(6.260804454,6.528054704,10.783738017));
#1585 = CARTESIAN_POINT('',(6.260804454,6.60373823,10.757424512));
#1586 = CARTESIAN_POINT('',(6.260804454,6.740102641,10.67870303));
#1587 = CARTESIAN_POINT('',(6.260804454,6.800737493,10.626321628));
#1588 = CARTESIAN_POINT('',(6.260804454,6.898435171,10.502840909));
#1589 = CARTESIAN_POINT('',(6.260804454,6.935465017,10.431783276));
#1590 = CARTESIAN_POINT('',(6.260804454,6.958087311,10.356375631));
#1591 = CARTESIAN_POINT('',(6.300526905,6.215599584,10.785004579));
#1592 = CARTESIAN_POINT('',(6.305157013,6.291358918,10.802921904));
#1593 = CARTESIAN_POINT('',(6.309785558,6.370479427,10.806518222));
#1594 = CARTESIAN_POINT('',(6.318392409,6.524625582,10.784576642));
#1595 = CARTESIAN_POINT('',(6.322367809,6.599601533,10.759045807));
#1596 = CARTESIAN_POINT('',(6.32910676,6.735108072,10.682353102));
#1597 = CARTESIAN_POINT('',(6.331868036,6.795594965,10.63121594));
#1598 = CARTESIAN_POINT('',(6.335788137,6.893764617,10.510349413));
#1599 = CARTESIAN_POINT('',(6.336945639,6.931415704,10.440658995));
#1600 = CARTESIAN_POINT('',(6.337219677,6.955057632,10.36647456));
#1601 = CARTESIAN_POINT('',(6.339665466,6.212291198,10.784221534));
#1602 = CARTESIAN_POINT('',(6.348723881,6.286825127,10.801839208));
#1603 = CARTESIAN_POINT('',(6.357779445,6.364644969,10.805452701));
#1604 = CARTESIAN_POINT('',(6.374661039,6.51644729,10.784188005));
#1605 = CARTESIAN_POINT('',(6.382481756,6.590382954,10.759316372));
#1606 = CARTESIAN_POINT('',(6.395825928,6.724433071,10.684421302));
#1607 = CARTESIAN_POINT('',(6.401345181,6.784506177,10.63442096));
#1608 = CARTESIAN_POINT('',(6.409331676,6.882711449,10.516002765));
#1609 = CARTESIAN_POINT('',(6.411796399,6.920813311,10.447621431));
#1610 = CARTESIAN_POINT('',(6.412565674,6.945364655,10.374641482));
#1611 = CARTESIAN_POINT('',(6.41680823,6.199244311,10.781140784));
#1612 = CARTESIAN_POINT('',(6.434381285,6.27065956,10.797985823));
#1613 = CARTESIAN_POINT('',(6.451949315,6.345213363,10.801434547));
#1614 = CARTESIAN_POINT('',(6.48481158,6.491046984,10.781097573));
#1615 = CARTESIAN_POINT('',(6.500096421,6.56228561,10.757317618));
#1616 = CARTESIAN_POINT('',(6.526403892,6.692279512,10.685581152));
#1617 = CARTESIAN_POINT('',(6.537419002,6.750998062,10.637644902));
#1618 = CARTESIAN_POINT('',(6.55375238,6.848354202,10.523777535));
#1619 = CARTESIAN_POINT('',(6.559065977,6.886964273,10.457878582));
#1620 = CARTESIAN_POINT('',(6.561183944,6.913031623,10.387235804));
#1621 = CARTESIAN_POINT('',(6.45502622,6.189430194,10.7788252));
#1622 = CARTESIAN_POINT('',(6.476707724,6.258939072,10.79519395));
#1623 = CARTESIAN_POINT('',(6.498383317,6.331514001,10.798459003));
#1624 = CARTESIAN_POINT('',(6.538993517,6.473697746,10.778372855));
#1625 = CARTESIAN_POINT('',(6.55791705,6.543268128,10.75502709));
#1626 = CARTESIAN_POINT('',(6.590618127,6.670643758,10.684657959));
#1627 = CARTESIAN_POINT('',(6.604386751,6.728414569,10.637653628));
#1628 = CARTESIAN_POINT('',(6.625026009,6.824878295,10.525899776));
#1629 = CARTESIAN_POINT('',(6.631891008,6.863545119,10.461180482));
#1630 = CARTESIAN_POINT('',(6.634868703,6.890221857,10.391676759));
#1631 = CARTESIAN_POINT('',(6.529305898,6.163234562,10.772668989));
#1632 = CARTESIAN_POINT('',(6.558805145,6.228304299,10.78792743));
#1633 = CARTESIAN_POINT('',(6.588297019,6.296300396,10.790634078));
#1634 = CARTESIAN_POINT('',(6.643708501,6.42997229,10.770618935));
#1635 = CARTESIAN_POINT('',(6.669614257,6.495614916,10.747902118));
#1636 = CARTESIAN_POINT('',(6.714700716,6.616622757,10.67978168));
#1637 = CARTESIAN_POINT('',(6.733870146,6.671957936,10.634394974));
#1638 = CARTESIAN_POINT('',(6.763148642,6.765637951,10.52642585));
#1639 = CARTESIAN_POINT('',(6.773250385,6.803959522,10.463870242));
#1640 = CARTESIAN_POINT('',(6.778204989,6.831458121,10.396504449));
#1641 = CARTESIAN_POINT('',(6.564693646,6.147133189,10.768894316));
#1642 = CARTESIAN_POINT('',(6.597832822,6.209714957,10.783529996));
#1643 = CARTESIAN_POINT('',(6.630964056,6.275157154,10.785868282));
#1644 = CARTESIAN_POINT('',(6.693297,6.404052997,10.765675372));
#1645 = CARTESIAN_POINT('',(6.722483778,6.467475931,10.743148999));
#1646 = CARTESIAN_POINT('',(6.773450052,6.584799737,10.675892096));
#1647 = CARTESIAN_POINT('',(6.795217336,6.638672647,10.631177611));
#1648 = CARTESIAN_POINT('',(6.828748384,6.730492655,10.524847197));
#1649 = CARTESIAN_POINT('',(6.84050411,6.768417861,10.463256628));
#1650 = CARTESIAN_POINT('',(6.846555231,6.79612328,10.396870515));
#1651 = CARTESIAN_POINT('',(6.632000902,6.108977175,10.759997397));
#1652 = CARTESIAN_POINT('',(6.671959241,6.166061896,10.773264455));
#1653 = CARTESIAN_POINT('',(6.711908718,6.22588303,10.774701412));
#1654 = CARTESIAN_POINT('',(6.787248009,6.34421433,10.753753013));
#1655 = CARTESIAN_POINT('',(6.822621121,6.402698401,10.731372289));
#1656 = CARTESIAN_POINT('',(6.884752475,6.511670601,10.665337944));
#1657 = CARTESIAN_POINT('',(6.91149694,6.562134693,10.621698906));
#1658 = CARTESIAN_POINT('',(6.953302361,6.649294702,10.51812915));
#1659 = CARTESIAN_POINT('',(6.968354044,6.685971384,10.458221299));
#1660 = CARTESIAN_POINT('',(6.976698672,6.713663945,10.393589458));
#1661 = CARTESIAN_POINT('',(6.664210372,6.086669313,10.754816572));
#1662 = CARTESIAN_POINT('',(6.707376028,6.140712234,10.76732968));
#1663 = CARTESIAN_POINT('',(6.750532468,6.197432963,10.768227398));
#1664 = CARTESIAN_POINT('',(6.832010706,6.309912767,10.746693061));
#1665 = CARTESIAN_POINT('',(6.870315109,6.365647923,10.724265599));
#1666 = CARTESIAN_POINT('',(6.937779596,6.46990071,10.658590569));
#1667 = CARTESIAN_POINT('',(6.966925275,6.518396169,10.61535699));
#1668 = CARTESIAN_POINT('',(7.012790439,6.602722878,10.512916875));
#1669 = CARTESIAN_POINT('',(7.029500129,6.638536188,10.453732154));
#1670 = CARTESIAN_POINT('',(7.039054147,6.666004202,10.389881181));
#1671 = CARTESIAN_POINT('',(6.723390033,6.036779637,10.743309605));
#1672 = CARTESIAN_POINT('',(6.772399685,6.084318121,10.754226061));
#1673 = CARTESIAN_POINT('',(6.82139954,6.134428263,10.75390261));
#1674 = CARTESIAN_POINT('',(6.914086187,6.234389631,10.730811888));
#1675 = CARTESIAN_POINT('',(6.957754452,6.284220959,10.708049229));
#1676 = CARTESIAN_POINT('',(7.035023227,6.378212135,10.642546258));
#1677 = CARTESIAN_POINT('',(7.068608291,6.422353269,10.599819012));
#1678 = CARTESIAN_POINT('',(7.122051181,6.500166592,10.499023859));
#1679 = CARTESIAN_POINT('',(7.141898321,6.533823282,10.440976053));
#1680 = CARTESIAN_POINT('',(7.153798765,6.560414769,10.3784099));
#1681 = CARTESIAN_POINT('',(6.750139151,6.00948846,10.737050137));
#1682 = CARTESIAN_POINT('',(6.801764816,6.053599177,10.747132396));
#1683 = CARTESIAN_POINT('',(6.853380458,6.100234387,10.746134361));
#1684 = CARTESIAN_POINT('',(6.951096471,6.193596064,10.722084828));
#1685 = CARTESIAN_POINT('',(6.997177878,6.240304464,10.699037998));
#1686 = CARTESIAN_POINT('',(7.078881379,6.328810419,10.633353062));
#1687 = CARTESIAN_POINT('',(7.114487614,6.370590845,10.590727692));
#1688 = CARTESIAN_POINT('',(7.171418012,6.444764039,10.49044686));
#1689 = CARTESIAN_POINT('',(7.192731122,6.477142447,10.432810836));
#1690 = CARTESIAN_POINT('',(7.205757378,6.503090931,10.370745495));
#1691 = CARTESIAN_POINT('',(6.797953681,5.950202278,10.723560588));
#1692 = CARTESIAN_POINT('',(6.854265257,5.987073025,10.731904179));
#1693 = CARTESIAN_POINT('',(6.910566418,6.026385546,10.729430563));
#1694 = CARTESIAN_POINT('',(7.017295547,6.105814349,10.703106841));
#1695 = CARTESIAN_POINT('',(7.067703782,6.145915994,10.679261603));
#1696 = CARTESIAN_POINT('',(7.157367703,6.222731551,10.612682277));
#1697 = CARTESIAN_POINT('',(7.196606811,6.259431303,10.569960489));
#1698 = CARTESIAN_POINT('',(7.259820283,6.325605018,10.470091311));
#1699 = CARTESIAN_POINT('',(7.283782959,6.355066776,10.412962365));
#1700 = CARTESIAN_POINT('',(7.298855939,6.379373885,10.351606615));
#1701 = CARTESIAN_POINT('',(6.819195082,5.917796316,10.716238838));
#1702 = CARTESIAN_POINT('',(6.877594154,5.950807652,10.723667));
#1703 = CARTESIAN_POINT('',(6.935982645,5.986224928,10.720381993));
#1704 = CARTESIAN_POINT('',(7.046729402,6.058229845,10.692724231));
#1705 = CARTESIAN_POINT('',(7.099067602,6.094804462,10.66835649));
#1706 = CARTESIAN_POINT('',(7.192287222,6.165337156,10.601051024));
#1707 = CARTESIAN_POINT('',(7.233151751,6.199282474,10.558125492));
#1708 = CARTESIAN_POINT('',(7.299184584,6.261040207,10.458145876));
#1709 = CARTESIAN_POINT('',(7.324340924,6.288841449,10.401109901));
#1710 = CARTESIAN_POINT('',(7.340342628,6.31213537,10.339962131));
#1711 = CARTESIAN_POINT('',(6.854133158,5.850437527,10.701157859));
#1712 = CARTESIAN_POINT('',(6.916032725,5.875560261,10.706745341));
#1713 = CARTESIAN_POINT('',(6.977921377,5.903031745,10.701760566));
#1714 = CARTESIAN_POINT('',(7.095392599,5.959885984,10.671153148));
#1715 = CARTESIAN_POINT('',(7.150954456,5.989258736,10.645535904));
#1716 = CARTESIAN_POINT('',(7.250088812,6.046916001,10.576275483));
#1717 = CARTESIAN_POINT('',(7.293643831,6.075190367,10.532644516));
#1718 = CARTESIAN_POINT('',(7.364306842,6.127762045,10.431810809));
#1719 = CARTESIAN_POINT('',(7.391402373,6.152050103,10.374625843));
#1720 = CARTESIAN_POINT('',(7.408886203,6.173108098,10.313575551));
#1721 = CARTESIAN_POINT('',(6.867990978,5.815441927,10.693387308));
#1722 = CARTESIAN_POINT('',(6.931318785,5.836528095,10.698047435));
#1723 = CARTESIAN_POINT('',(6.994635512,5.859941355,10.692173413));
#1724 = CARTESIAN_POINT('',(7.114842987,5.909054394,10.659951224));
#1725 = CARTESIAN_POINT('',(7.171712707,5.934745585,10.633608695));
#1726 = CARTESIAN_POINT('',(7.273232335,5.98579923,10.563125066));
#1727 = CARTESIAN_POINT('',(7.317864486,6.011152755,10.518996294));
#1728 = CARTESIAN_POINT('',(7.390359384,6.058949224,10.41742799));
#1729 = CARTESIAN_POINT('',(7.418209451,6.081383809,10.360006224));
#1730 = CARTESIAN_POINT('',(7.436253763,6.101220318,10.298850626));
#1731 = CARTESIAN_POINT('',(6.888433772,5.742793821,10.677412346));
#1732 = CARTESIAN_POINT('',(6.95400424,5.755556076,10.680195303));
#1733 = CARTESIAN_POINT('',(7.019563271,5.77061564,10.672454181));
#1734 = CARTESIAN_POINT('',(7.144037593,5.803808839,10.636705621));
#1735 = CARTESIAN_POINT('',(7.202931176,5.821936686,10.608704417));
#1736 = CARTESIAN_POINT('',(7.308083466,5.859424433,10.535276056));
#1737 = CARTESIAN_POINT('',(7.354323836,5.878777796,10.489861705));
#1738 = CARTESIAN_POINT('',(7.429463165,5.916749237,10.386219088));
#1739 = CARTESIAN_POINT('',(7.458349019,5.935360693,10.328008898));
#1740 = CARTESIAN_POINT('',(7.477092459,5.952658174,10.266349154));
#1741 = CARTESIAN_POINT('',(6.894957124,5.705042665,10.669188032));
#1742 = CARTESIAN_POINT('',(6.961337401,5.713506714,10.671019122));
#1743 = CARTESIAN_POINT('',(7.027706046,5.724260068,10.662297368));
#1744 = CARTESIAN_POINT('',(7.153701741,5.749254363,10.624630521));
#1745 = CARTESIAN_POINT('',(7.213306714,5.763490907,10.595692025));
#1746 = CARTESIAN_POINT('',(7.319697223,5.793999405,10.520533799));
#1747 = CARTESIAN_POINT('',(7.366464118,5.810265998,10.474327235));
#1748 = CARTESIAN_POINT('',(7.44240703,5.843175453,10.369336249));
#1749 = CARTESIAN_POINT('',(7.47156974,5.859812538,10.310570221));
#1750 = CARTESIAN_POINT('',(7.490447615,5.875789337,10.248507949));
#1751 = CARTESIAN_POINT('',(6.897467225,5.667083696,10.661002856));
#1752 = CARTESIAN_POINT('',(6.964316678,5.671216023,10.661893919));
#1753 = CARTESIAN_POINT('',(7.031154283,5.677636754,10.652168892));
#1754 = CARTESIAN_POINT('',(7.158002019,5.694401421,10.612476627));
#1755 = CARTESIAN_POINT('',(7.217989668,5.704742386,10.582516422));
#1756 = CARTESIAN_POINT('',(7.324986044,5.728288914,10.50541769));
#1757 = CARTESIAN_POINT('',(7.371975808,5.741490304,10.458292826));
#1758 = CARTESIAN_POINT('',(7.448155134,5.769405491,10.351689211));
#1759 = CARTESIAN_POINT('',(7.477331194,5.78411434,10.292229353));
#1760 = CARTESIAN_POINT('',(7.496108653,5.798825796,10.229637824));
#1761 = ADVANCED_FACE('',(#1762),#1774,.T.);
#1762 = FACE_BOUND('',#1763,.T.);
#1763 = EDGE_LOOP('',(#1764,#1765,#1766,#1773));
#1764 = ORIENTED_EDGE('',*,*,#1573,.T.);
#1765 = ORIENTED_EDGE('',*,*,#217,.F.);
#1766 = ORIENTED_EDGE('',*,*,#1767,.F.);
#1767 = EDGE_CURVE('',#1334,#210,#1768,.T.);
#1768 = CIRCLE('',#1769,0.625);
#1769 = AXIS2_PLACEMENT_3D('',#1770,#1771,#1772);
#1770 = CARTESIAN_POINT('',(-6.260804454,6.359445882,10.176783203));
#1771 = DIRECTION('',(-1.,0.,0.));
#1772 = DIRECTION('',(0.,0.,-1.));
#1773 = ORIENTED_EDGE('',*,*,#1351,.F.);
#1774 = CYLINDRICAL_SURFACE('',#1775,0.625);
#1775 = AXIS2_PLACEMENT_3D('',#1776,#1777,#1778);
#1776 = CARTESIAN_POINT('',(-6.260804454,6.359445882,10.176783203));
#1777 = DIRECTION('',(-1.,0.,0.));
#1778 = DIRECTION('',(0.,0.,-1.));
#1779 = ADVANCED_FACE('',(#1780),#1792,.T.);
#1780 = FACE_BOUND('',#1781,.T.);
#1781 = EDGE_LOOP('',(#1782,#1783,#1784,#1791));
#1782 = ORIENTED_EDGE('',*,*,#1565,.T.);
#1783 = ORIENTED_EDGE('',*,*,#1371,.F.);
#1784 = ORIENTED_EDGE('',*,*,#1785,.F.);
#1785 = EDGE_CURVE('',#171,#1372,#1786,.T.);
#1786 = CIRCLE('',#1787,0.625);
#1787 = AXIS2_PLACEMENT_3D('',#1788,#1789,#1790);
#1788 = CARTESIAN_POINT('',(6.897467225,-5.798825796,10.050045395));
#1789 = DIRECTION('',(-6.311015097144E-02,-0.975583293559,0.210367169905
    ));
#1790 = DIRECTION('',(2.393841615696E-11,0.21078736027,0.977531937458));
#1791 = ORIENTED_EDGE('',*,*,#170,.F.);
#1792 = B_SPLINE_SURFACE_WITH_KNOTS('',3,3,(
    (#1793,#1794,#1795,#1796,#1797,#1798,#1799,#1800,#1801,#1802)
    ,(#1803,#1804,#1805,#1806,#1807,#1808,#1809,#1810,#1811,#1812)
    ,(#1813,#1814,#1815,#1816,#1817,#1818,#1819,#1820,#1821,#1822)
    ,(#1823,#1824,#1825,#1826,#1827,#1828,#1829,#1830,#1831,#1832)
    ,(#1833,#1834,#1835,#1836,#1837,#1838,#1839,#1840,#1841,#1842)
    ,(#1843,#1844,#1845,#1846,#1847,#1848,#1849,#1850,#1851,#1852)
    ,(#1853,#1854,#1855,#1856,#1857,#1858,#1859,#1860,#1861,#1862)
    ,(#1863,#1864,#1865,#1866,#1867,#1868,#1869,#1870,#1871,#1872)
    ,(#1873,#1874,#1875,#1876,#1877,#1878,#1879,#1880,#1881,#1882)
    ,(#1883,#1884,#1885,#1886,#1887,#1888,#1889,#1890,#1891,#1892)
    ,(#1893,#1894,#1895,#1896,#1897,#1898,#1899,#1900,#1901,#1902)
    ,(#1903,#1904,#1905,#1906,#1907,#1908,#1909,#1910,#1911,#1912)
    ,(#1913,#1914,#1915,#1916,#1917,#1918,#1919,#1920,#1921,#1922)
    ,(#1923,#1924,#1925,#1926,#1927,#1928,#1929,#1930,#1931,#1932
  )),.UNSPECIFIED.,.F.,.F.,.F.,(4,2,2,2,2,2,4),(4,2,2,2,4),(-0.,
    2.921319E-03,4.381979E-03,5.842638E-03,7.303298E-03,8.763958E-03,
    1.1685277E-02),(0.,0.25,0.5,0.75,1.),.UNSPECIFIED.);
#1793 = CARTESIAN_POINT('',(6.897467225,5.667083696,10.661002856));
#1794 = CARTESIAN_POINT('',(6.964316678,5.671216023,10.661893919));
#1795 = CARTESIAN_POINT('',(7.031154283,5.677636754,10.652168892));
#1796 = CARTESIAN_POINT('',(7.158002019,5.694401421,10.612476627));
#1797 = CARTESIAN_POINT('',(7.217989668,5.704742386,10.582516422));
#1798 = CARTESIAN_POINT('',(7.324986044,5.728288914,10.50541769));
#1799 = CARTESIAN_POINT('',(7.371975808,5.741490304,10.458292826));
#1800 = CARTESIAN_POINT('',(7.448155134,5.769405491,10.351689211));
#1801 = CARTESIAN_POINT('',(7.477331194,5.78411434,10.292229353));
#1802 = CARTESIAN_POINT('',(7.496108653,5.798825796,10.229637824));
#1803 = CARTESIAN_POINT('',(6.959079831,4.735347667,10.460090568));
#1804 = CARTESIAN_POINT('',(7.025859982,4.738856679,10.460700723));
#1805 = CARTESIAN_POINT('',(7.092628377,4.744286897,10.450652881));
#1806 = CARTESIAN_POINT('',(7.219367193,4.758439113,10.410260791));
#1807 = CARTESIAN_POINT('',(7.279315303,4.767158621,10.379923654));
#1808 = CARTESIAN_POINT('',(7.386286459,4.787000278,10.302045402));
#1809 = CARTESIAN_POINT('',(7.433290673,4.798118937,10.254517999));
#1810 = CARTESIAN_POINT('',(7.509567206,4.821624486,10.147109014));
#1811 = CARTESIAN_POINT('',(7.538826097,4.834007243,10.087246345));
#1812 = CARTESIAN_POINT('',(7.557721259,4.846392178,10.024262469));
#1813 = CARTESIAN_POINT('',(7.006003168,3.796734135,10.307217524));
#1814 = CARTESIAN_POINT('',(7.072728713,3.799575421,10.307602885));
#1815 = CARTESIAN_POINT('',(7.139442567,3.8039614,10.29729772));
#1816 = CARTESIAN_POINT('',(7.266095532,3.81537908,10.256349238));
#1817 = CARTESIAN_POINT('',(7.326012462,3.822408784,10.225713094));
#1818 = CARTESIAN_POINT('',(7.432963694,3.838398829,10.147217379));
#1819 = CARTESIAN_POINT('',(7.479979266,3.847356373,10.099371555));
#1820 = CARTESIAN_POINT('',(7.556332396,3.866290407,9.991325959));
#1821 = CARTESIAN_POINT('',(7.585656581,3.876263583,9.931145108));
#1822 = CARTESIAN_POINT('',(7.604644597,3.886238503,9.867851342));
#1823 = CARTESIAN_POINT('',(7.053262882,2.377513775,10.15328225));
#1824 = CARTESIAN_POINT('',(7.119932899,2.379310295,10.15343847));
#1825 = CARTESIAN_POINT('',(7.186591297,2.38207678,10.14287129));
#1826 = CARTESIAN_POINT('',(7.31315697,2.389270503,10.101356688));
#1827 = CARTESIAN_POINT('',(7.373042197,2.393696488,10.070416498));
#1828 = CARTESIAN_POINT('',(7.479973167,2.403760065,9.991293172));
#1829 = CARTESIAN_POINT('',(7.527000283,2.409395904,9.943123817));
#1830 = CARTESIAN_POINT('',(7.60343129,2.421306954,9.834431508));
#1831 = CARTESIAN_POINT('',(7.632821868,2.42758009,9.773927488));
#1832 = CARTESIAN_POINT('',(7.65190431,2.433854316,9.710318969));
#1833 = CARTESIAN_POINT('',(7.065167416,1.90189205,10.114515236));
#1834 = CARTESIAN_POINT('',(7.131823254,1.903332733,10.114613003));
#1835 = CARTESIAN_POINT('',(7.198467498,1.905549884,10.103979069));
#1836 = CARTESIAN_POINT('',(7.325010891,1.911313521,10.062320364));
#1837 = CARTESIAN_POINT('',(7.384888029,1.914859004,10.031302841));
#1838 = CARTESIAN_POINT('',(7.49181383,1.922919735,9.952019957));
#1839 = CARTESIAN_POINT('',(7.538843894,1.92743358,9.903768389));
#1840 = CARTESIAN_POINT('',(7.615294779,1.936973005,9.794911774));
#1841 = CARTESIAN_POINT('',(7.644702301,1.941996925,9.734325664));
#1842 = CARTESIAN_POINT('',(7.663808845,1.947021719,9.670637184));
#1843 = CARTESIAN_POINT('',(7.081018702,0.950868827,10.062899695));
#1844 = CARTESIAN_POINT('',(7.147655704,0.951592058,10.062919372));
#1845 = CARTESIAN_POINT('',(7.214281136,0.952703944,10.052196258));
#1846 = CARTESIAN_POINT('',(7.340794916,0.955593003,10.010345035));
#1847 = CARTESIAN_POINT('',(7.400661298,0.957369675,9.979224193));
#1848 = CARTESIAN_POINT('',(7.507580221,0.961408306,9.899728144));
#1849 = CARTESIAN_POINT('',(7.554614198,0.963669564,9.85136674));
#1850 = CARTESIAN_POINT('',(7.631091499,0.968448146,9.742290624));
#1851 = CARTESIAN_POINT('',(7.660521545,0.970964641,9.681594852));
#1852 = CARTESIAN_POINT('',(7.67966013,0.973481573,9.617799567));
#1853 = CARTESIAN_POINT('',(7.084981586,0.475380286,10.049997582));
#1854 = CARTESIAN_POINT('',(7.151613853,0.475741863,10.049997578));
#1855 = CARTESIAN_POINT('',(7.218234555,0.476297746,10.039252004));
#1856 = CARTESIAN_POINT('',(7.34474089,0.477742116,9.997352316));
#1857 = CARTESIAN_POINT('',(7.404604567,0.478630354,9.966205475));
#1858 = CARTESIAN_POINT('',(7.51152176,0.480649445,9.886655795));
#1859 = CARTESIAN_POINT('',(7.55855672,0.481779948,9.838266764));
#1860 = CARTESIAN_POINT('',(7.635040663,0.484168973,9.729135443));
#1861 = CARTESIAN_POINT('',(7.664476372,0.48542708,9.668412094));
#1862 = CARTESIAN_POINT('',(7.683623014,0.486685406,9.604589952));
#1863 = CARTESIAN_POINT('',(7.0849801,-0.475647648,10.050002419));
#1864 = CARTESIAN_POINT('',(7.151612369,-0.476009429,10.050002423));
#1865 = CARTESIAN_POINT('',(7.218233072,-0.476565624,10.039256857));
#1866 = CARTESIAN_POINT('',(7.34473941,-0.478010807,9.997357188));
#1867 = CARTESIAN_POINT('',(7.404603088,-0.478899544,9.966210356));
#1868 = CARTESIAN_POINT('',(7.511520282,-0.480919771,9.886660696));
#1869 = CARTESIAN_POINT('',(7.558555242,-0.48205091,9.838271675));
#1870 = CARTESIAN_POINT('',(7.635039183,-0.484441278,9.729140375));
#1871 = CARTESIAN_POINT('',(7.664474889,-0.485700093,9.668417037));
#1872 = CARTESIAN_POINT('',(7.683621529,-0.486959126,9.604594905));
#1873 = CARTESIAN_POINT('',(7.08101573,-0.951187179,10.062909369));
#1874 = CARTESIAN_POINT('',(7.147652736,-0.951910652,10.06292906));
#1875 = CARTESIAN_POINT('',(7.214278171,-0.95302291,10.052205963));
#1876 = CARTESIAN_POINT('',(7.340791958,-0.955912936,10.010354777));
#1877 = CARTESIAN_POINT('',(7.400658341,-0.957690202,9.979233955));
#1878 = CARTESIAN_POINT('',(7.507577266,-0.961730185,9.899737946));
#1879 = CARTESIAN_POINT('',(7.554611242,-0.963992199,9.851376562));
#1880 = CARTESIAN_POINT('',(7.631088538,-0.968772381,9.742300487));
#1881 = CARTESIAN_POINT('',(7.660518579,-0.971289718,9.681604736));
#1882 = CARTESIAN_POINT('',(7.679657158,-0.973807492,9.617809472));
#1883 = CARTESIAN_POINT('',(7.065156373,-1.902414435,10.114551198));
#1884 = CARTESIAN_POINT('',(7.131812224,-1.90385551,10.11464902));
#1885 = CARTESIAN_POINT('',(7.19845648,-1.906073267,10.104015148));
#1886 = CARTESIAN_POINT('',(7.324999894,-1.911838478,10.062356577));
#1887 = CARTESIAN_POINT('',(7.384877039,-1.915384931,10.031339125));
#1888 = CARTESIAN_POINT('',(7.491802846,-1.923447866,9.95205639));
#1889 = CARTESIAN_POINT('',(7.538832907,-1.927962946,9.903804898));
#1890 = CARTESIAN_POINT('',(7.615283773,-1.93750498,9.794948436));
#1891 = CARTESIAN_POINT('',(7.644691279,-1.942530274,9.734362402));
#1892 = CARTESIAN_POINT('',(7.663797801,-1.947556443,9.670673997));
#1893 = CARTESIAN_POINT('',(7.053251303,-2.377912957,10.153320144));
#1894 = CARTESIAN_POINT('',(7.119921345,-2.379709775,10.153476415));
#1895 = CARTESIAN_POINT('',(7.186579768,-2.382476719,10.14290929));
#1896 = CARTESIAN_POINT('',(7.313145478,-2.389671637,10.101394803));
#1897 = CARTESIAN_POINT('',(7.373030718,-2.394098358,10.070454672));
#1898 = CARTESIAN_POINT('',(7.479961695,-2.40416361,9.991331465));
#1899 = CARTESIAN_POINT('',(7.526988806,-2.409800387,9.943162171));
#1900 = CARTESIAN_POINT('',(7.603419779,-2.421713419,9.834469984));
#1901 = CARTESIAN_POINT('',(7.632810329,-2.427987599,9.773966025));
#1902 = CARTESIAN_POINT('',(7.651892731,-2.434262868,9.710357565));
#1903 = CARTESIAN_POINT('',(7.005996492,-3.796836719,10.307239462));
#1904 = CARTESIAN_POINT('',(7.072722056,-3.799678076,10.307624849));
#1905 = CARTESIAN_POINT('',(7.139435929,-3.804064167,10.29731971));
#1906 = CARTESIAN_POINT('',(7.266088922,-3.815482141,10.256371282));
#1907 = CARTESIAN_POINT('',(7.326005862,-3.822512026,10.225735165));
#1908 = CARTESIAN_POINT('',(7.432957099,-3.838502487,10.147239502));
#1909 = CARTESIAN_POINT('',(7.479972667,-3.847460264,10.099393704));
#1910 = CARTESIAN_POINT('',(7.556325771,-3.86639479,9.991348159));
#1911 = CARTESIAN_POINT('',(7.585649935,-3.876368226,9.931167335));
#1912 = CARTESIAN_POINT('',(7.604637921,-3.886343404,9.867873596));
#1913 = CARTESIAN_POINT('',(6.959079468,-4.735353155,10.460091752));
#1914 = CARTESIAN_POINT('',(7.02585962,-4.738862171,10.460701908));
#1915 = CARTESIAN_POINT('',(7.092628015,-4.744292395,10.450654068));
#1916 = CARTESIAN_POINT('',(7.219366832,-4.758444625,10.410261982));
#1917 = CARTESIAN_POINT('',(7.279314942,-4.767164143,10.379924848));
#1918 = CARTESIAN_POINT('',(7.386286098,-4.787005822,10.3020466));
#1919 = CARTESIAN_POINT('',(7.433290311,-4.798124494,10.254519199));
#1920 = CARTESIAN_POINT('',(7.509566844,-4.821630069,10.147110219));
#1921 = CARTESIAN_POINT('',(7.538825734,-4.834012839,10.087247552));
#1922 = CARTESIAN_POINT('',(7.557720896,-4.846397787,10.024263679));
#1923 = CARTESIAN_POINT('',(6.897467225,-5.667083697,10.661002856));
#1924 = CARTESIAN_POINT('',(6.964316678,-5.671216023,10.661893919));
#1925 = CARTESIAN_POINT('',(7.031154283,-5.677636754,10.652168892));
#1926 = CARTESIAN_POINT('',(7.158002019,-5.694401421,10.612476627));
#1927 = CARTESIAN_POINT('',(7.217989668,-5.704742386,10.582516422));
#1928 = CARTESIAN_POINT('',(7.324986044,-5.728288915,10.50541769));
#1929 = CARTESIAN_POINT('',(7.371975808,-5.741490304,10.458292826));
#1930 = CARTESIAN_POINT('',(7.448155134,-5.769405491,10.351689211));
#1931 = CARTESIAN_POINT('',(7.477331194,-5.78411434,10.292229353));
#1932 = CARTESIAN_POINT('',(7.496108653,-5.798825796,10.229637824));
#1933 = ADVANCED_FACE('',(#1934),#1946,.T.);
#1934 = FACE_BOUND('',#1935,.T.);
#1935 = EDGE_LOOP('',(#1936,#1937,#1938,#1945));
#1936 = ORIENTED_EDGE('',*,*,#1767,.T.);
#1937 = ORIENTED_EDGE('',*,*,#1533,.F.);
#1938 = ORIENTED_EDGE('',*,*,#1939,.F.);
#1939 = EDGE_CURVE('',#1310,#249,#1940,.T.);
#1940 = CIRCLE('',#1941,0.625);
#1941 = AXIS2_PLACEMENT_3D('',#1942,#1943,#1944);
#1942 = CARTESIAN_POINT('',(-6.897467225,5.798825796,10.050045395));
#1943 = DIRECTION('',(-6.311015097144E-02,-0.975583293559,
    -0.210367169905));
#1944 = DIRECTION('',(-2.393841615696E-11,-0.21078736027,0.977531937458)
  );
#1945 = ORIENTED_EDGE('',*,*,#1333,.F.);
#1946 = B_SPLINE_SURFACE_WITH_KNOTS('',3,3,(
    (#1947,#1948,#1949,#1950,#1951,#1952,#1953,#1954,#1955,#1956)
    ,(#1957,#1958,#1959,#1960,#1961,#1962,#1963,#1964,#1965,#1966)
    ,(#1967,#1968,#1969,#1970,#1971,#1972,#1973,#1974,#1975,#1976)
    ,(#1977,#1978,#1979,#1980,#1981,#1982,#1983,#1984,#1985,#1986)
    ,(#1987,#1988,#1989,#1990,#1991,#1992,#1993,#1994,#1995,#1996)
    ,(#1997,#1998,#1999,#2000,#2001,#2002,#2003,#2004,#2005,#2006)
    ,(#2007,#2008,#2009,#2010,#2011,#2012,#2013,#2014,#2015,#2016)
    ,(#2017,#2018,#2019,#2020,#2021,#2022,#2023,#2024,#2025,#2026)
    ,(#2027,#2028,#2029,#2030,#2031,#2032,#2033,#2034,#2035,#2036)
    ,(#2037,#2038,#2039,#2040,#2041,#2042,#2043,#2044,#2045,#2046)
    ,(#2047,#2048,#2049,#2050,#2051,#2052,#2053,#2054,#2055,#2056)
    ,(#2057,#2058,#2059,#2060,#2061,#2062,#2063,#2064,#2065,#2066)
    ,(#2067,#2068,#2069,#2070,#2071,#2072,#2073,#2074,#2075,#2076)
    ,(#2077,#2078,#2079,#2080,#2081,#2082,#2083,#2084,#2085,#2086)
    ,(#2087,#2088,#2089,#2090,#2091,#2092,#2093,#2094,#2095,#2096)
    ,(#2097,#2098,#2099,#2100,#2101,#2102,#2103,#2104,#2105,#2106
  )),.UNSPECIFIED.,.F.,.F.,.F.,(4,2,2,2,2,2,2,4),(4,2,2,2,4),(-0.,
    1.1748E-04,2.3496E-04,3.52441E-04,4.69921E-04,5.87401E-04,
    7.04881E-04,9.39842E-04),(0.,0.25,0.5,0.75,1.),.UNSPECIFIED.);
#1947 = CARTESIAN_POINT('',(-6.897467225,5.667083696,10.661002856));
#1948 = CARTESIAN_POINT('',(-6.964316678,5.671216023,10.661893919));
#1949 = CARTESIAN_POINT('',(-7.031154283,5.677636754,10.652168892));
#1950 = CARTESIAN_POINT('',(-7.158002019,5.694401421,10.612476627));
#1951 = CARTESIAN_POINT('',(-7.217989668,5.704742386,10.582516422));
#1952 = CARTESIAN_POINT('',(-7.324986044,5.728288914,10.50541769));
#1953 = CARTESIAN_POINT('',(-7.371975808,5.741490304,10.458292826));
#1954 = CARTESIAN_POINT('',(-7.448155134,5.769405491,10.351689211));
#1955 = CARTESIAN_POINT('',(-7.477331194,5.78411434,10.292229353));
#1956 = CARTESIAN_POINT('',(-7.496108653,5.798825796,10.229637824));
#1957 = CARTESIAN_POINT('',(-6.894960002,5.704999139,10.669178646));
#1958 = CARTESIAN_POINT('',(-6.961340817,5.713458221,10.671008658));
#1959 = CARTESIAN_POINT('',(-7.02771,5.724206607,10.662285754));
#1960 = CARTESIAN_POINT('',(-7.153706672,5.749191465,10.624616585));
#1961 = CARTESIAN_POINT('',(-7.213312083,5.763423543,10.595676917));
#1962 = CARTESIAN_POINT('',(-7.319703287,5.793924058,10.520516466));
#1963 = CARTESIAN_POINT('',(-7.366470438,5.810187136,10.474308849));
#1964 = CARTESIAN_POINT('',(-7.442413621,5.843090865,10.369316014));
#1965 = CARTESIAN_POINT('',(-7.471576346,5.859725738,10.31054919));
#1966 = CARTESIAN_POINT('',(-7.490454106,5.875701087,10.248486312));
#1967 = CARTESIAN_POINT('',(-6.888581203,5.742022405,10.677244012));
#1968 = CARTESIAN_POINT('',(-6.954169434,5.754696729,10.680007439));
#1969 = CARTESIAN_POINT('',(-7.019746224,5.769668174,10.672246316));
#1970 = CARTESIAN_POINT('',(-7.14425402,5.802693571,10.636458855));
#1971 = CARTESIAN_POINT('',(-7.20316331,5.820741765,10.60843876));
#1972 = CARTESIAN_POINT('',(-7.308343148,5.858086655,10.534975743));
#1973 = CARTESIAN_POINT('',(-7.354595352,5.877376839,10.489545634));
#1974 = CARTESIAN_POINT('',(-7.429753103,5.915244704,10.385876407));
#1975 = CARTESIAN_POINT('',(-7.458645542,5.933815783,10.327655369));
#1976 = CARTESIAN_POINT('',(-7.477392552,5.951086294,10.265987894));
#1977 = CARTESIAN_POINT('',(-6.868365087,5.814353301,10.693146661));
#1978 = CARTESIAN_POINT('',(-6.931732399,5.835314291,10.697778277));
#1979 = CARTESIAN_POINT('',(-6.995088629,5.858601804,10.691876457));
#1980 = CARTESIAN_POINT('',(-7.115371585,5.907475079,10.659602861));
#1981 = CARTESIAN_POINT('',(-7.172277274,5.933052295,10.633236731));
#1982 = CARTESIAN_POINT('',(-7.273862097,5.983901501,10.562712287));
#1983 = CARTESIAN_POINT('',(-7.318523462,6.0091646,10.518566308));
#1984 = CARTESIAN_POINT('',(-7.391067412,6.056813118,10.416971393));
#1985 = CARTESIAN_POINT('',(-7.418937309,6.079190205,10.359540227));
#1986 = CARTESIAN_POINT('',(-7.436995859,6.098988681,10.298379391));
#1987 = CARTESIAN_POINT('',(-6.854313093,5.850031688,10.701067454));
#1988 = CARTESIAN_POINT('',(-6.916230959,5.875107329,10.706644043));
#1989 = CARTESIAN_POINT('',(-6.978137907,5.902531432,10.701648974));
#1990 = CARTESIAN_POINT('',(-7.095644227,5.959295302,10.671023181));
#1991 = CARTESIAN_POINT('',(-7.151222882,5.988625085,10.645397857));
#1992 = CARTESIAN_POINT('',(-7.25038796,6.046205375,10.576124165));
#1993 = CARTESIAN_POINT('',(-7.293956898,6.074445751,10.532488007));
#1994 = CARTESIAN_POINT('',(-7.364643712,6.126962059,10.431647074));
#1995 = CARTESIAN_POINT('',(-7.391749125,6.151228748,10.374460072));
#1996 = CARTESIAN_POINT('',(-7.409240395,6.172272847,10.313409257));
#1997 = CARTESIAN_POINT('',(-6.819383354,5.917491948,10.71617024));
#1998 = CARTESIAN_POINT('',(-6.877801006,5.950467202,10.723589873));
#1999 = CARTESIAN_POINT('',(-6.936208074,5.985848082,10.720297222));
#2000 = CARTESIAN_POINT('',(-7.04699057,6.057783619,10.692626702));
#2001 = CARTESIAN_POINT('',(-7.099345928,6.094325267,10.668253848));
#2002 = CARTESIAN_POINT('',(-7.192597127,6.164799169,10.600941005));
#2003 = CARTESIAN_POINT('',(-7.233476073,6.198718676,10.558013208));
#2004 = CARTESIAN_POINT('',(-7.299533866,6.260434904,10.458031779));
#2005 = CARTESIAN_POINT('',(-7.324700744,6.288220461,10.400996252));
#2006 = CARTESIAN_POINT('',(-7.340710612,6.311504689,10.33985002));
#2007 = CARTESIAN_POINT('',(-6.798654858,5.949215707,10.723337101));
#2008 = CARTESIAN_POINT('',(-6.855035267,5.985967855,10.731652462));
#2009 = CARTESIAN_POINT('',(-6.911405259,6.025160585,10.729154232));
#2010 = CARTESIAN_POINT('',(-7.018266851,6.104361235,10.702790987));
#2011 = CARTESIAN_POINT('',(-7.068738707,6.144354571,10.678930844));
#2012 = CARTESIAN_POINT('',(-7.15851979,6.220977693,10.612332147));
#2013 = CARTESIAN_POINT('',(-7.197812429,6.257593363,10.569605887));
#2014 = CARTESIAN_POINT('',(-7.261118665,6.3236332,10.469737182));
#2015 = CARTESIAN_POINT('',(-7.285120565,6.353045197,10.412613168));
#2016 = CARTESIAN_POINT('',(-7.300223989,6.377322817,10.351265801));
#2017 = CARTESIAN_POINT('',(-6.750823685,6.008752556,10.736881733));
#2018 = CARTESIAN_POINT('',(-6.802516357,6.052771599,10.746941801));
#2019 = CARTESIAN_POINT('',(-6.854199003,6.099313938,10.745925586));
#2020 = CARTESIAN_POINT('',(-6.952043865,6.192499144,10.721849616));
#2021 = CARTESIAN_POINT('',(-6.998187107,6.239123993,10.698794529));
#2022 = CARTESIAN_POINT('',(-7.080004278,6.327482895,10.633103009));
#2023 = CARTESIAN_POINT('',(-7.115662341,6.369199858,10.590479302));
#2024 = CARTESIAN_POINT('',(-7.172682221,6.44327461,10.49020991));
#2025 = CARTESIAN_POINT('',(-7.194032979,6.475618067,10.432583646));
#2026 = CARTESIAN_POINT('',(-7.207088192,6.501548352,10.370530486));
#2027 = CARTESIAN_POINT('',(-6.723517023,6.036636676,10.743276902));
#2028 = CARTESIAN_POINT('',(-6.772539004,6.084157503,10.754189041));
#2029 = CARTESIAN_POINT('',(-6.821551186,6.134249762,10.753861994));
#2030 = CARTESIAN_POINT('',(-6.914261559,6.234177109,10.730765893));
#2031 = CARTESIAN_POINT('',(-6.957941223,6.283992309,10.708001451));
#2032 = CARTESIAN_POINT('',(-7.035231008,6.377955001,10.642496761));
#2033 = CARTESIAN_POINT('',(-7.068825681,6.422083789,10.599769576));
#2034 = CARTESIAN_POINT('',(-7.122285247,6.499877794,10.4989761));
#2035 = CARTESIAN_POINT('',(-7.142139452,6.533527518,10.440929905));
#2036 = CARTESIAN_POINT('',(-7.154045398,6.560115212,10.378365858));
#2037 = CARTESIAN_POINT('',(-6.664758481,6.086243597,10.754718115));
#2038 = CARTESIAN_POINT('',(-6.707978443,6.140230023,10.76721726));
#2039 = CARTESIAN_POINT('',(-6.751189181,6.196893265,10.768104562));
#2040 = CARTESIAN_POINT('',(-6.832771469,6.309264335,10.746557665));
#2041 = CARTESIAN_POINT('',(-6.871125613,6.364948283,10.724128058));
#2042 = CARTESIAN_POINT('',(-6.938680825,6.469112478,10.658456491));
#2043 = CARTESIAN_POINT('',(-6.967867478,6.517570583,10.615228512));
#2044 = CARTESIAN_POINT('',(-7.013802283,6.601842212,10.512805266));
#2045 = CARTESIAN_POINT('',(-7.03054063,6.637637817,10.453631798));
#2046 = CARTESIAN_POINT('',(-7.040115845,6.665099535,10.389793284));
#2047 = CARTESIAN_POINT('',(-6.633088737,6.10829622,10.759838949));
#2048 = CARTESIAN_POINT('',(-6.673156427,6.165285537,10.773082378));
#2049 = CARTESIAN_POINT('',(-6.713215246,6.225009281,10.774503139));
#2050 = CARTESIAN_POINT('',(-6.788763466,6.343157184,10.753539175));
#2051 = CARTESIAN_POINT('',(-6.824236139,6.401555322,10.731159078));
#2052 = CARTESIAN_POINT('',(-6.886547871,6.510381139,10.665141172));
#2053 = CARTESIAN_POINT('',(-6.91337313,6.560784843,10.621517924));
#2054 = CARTESIAN_POINT('',(-6.955313959,6.647860144,10.517990025));
#2055 = CARTESIAN_POINT('',(-6.970420237,6.684512549,10.458108204));
#2056 = CARTESIAN_POINT('',(-6.978803749,6.712201586,10.393503906));
#2057 = CARTESIAN_POINT('',(-6.565177831,6.146920145,10.768844315));
#2058 = CARTESIAN_POINT('',(-6.598366938,6.209468605,10.783471725));
#2059 = CARTESIAN_POINT('',(-6.6315481,6.274876598,10.785805261));
#2060 = CARTESIAN_POINT('',(-6.693975971,6.403708552,10.765610548));
#2061 = CARTESIAN_POINT('',(-6.723207733,6.467101835,10.74308712));
#2062 = CARTESIAN_POINT('',(-6.774254558,6.584376619,10.675842713));
#2063 = CARTESIAN_POINT('',(-6.796057397,6.638230189,10.631137766));
#2064 = CARTESIAN_POINT('',(-6.829646542,6.730025985,10.524830392));
#2065 = CARTESIAN_POINT('',(-6.8414248,6.76794634,10.463253306));
#2066 = CARTESIAN_POINT('',(-6.847490771,6.79565509,10.396880813));
#2067 = CARTESIAN_POINT('',(-6.529403679,6.163167492,10.772653315));
#2068 = CARTESIAN_POINT('',(-6.558912434,6.228228049,10.787909402));
#2069 = CARTESIAN_POINT('',(-6.588413812,6.296214782,10.79061432));
#2070 = CARTESIAN_POINT('',(-6.643843556,6.429868991,10.770597183));
#2071 = CARTESIAN_POINT('',(-6.669758068,6.495503302,10.747880101));
#2072 = CARTESIAN_POINT('',(-6.714860589,6.616496857,10.679760511));
#2073 = CARTESIAN_POINT('',(-6.734037324,6.671826069,10.634374919));
#2074 = CARTESIAN_POINT('',(-6.763328366,6.765497488,10.526409044));
#2075 = CARTESIAN_POINT('',(-6.773435349,6.803816433,10.46385557));
#2076 = CARTESIAN_POINT('',(-6.77839392,6.831314349,10.396492136));
#2077 = CARTESIAN_POINT('',(-6.419210005,6.202127144,10.781808923));
#2078 = CARTESIAN_POINT('',(-6.437123447,6.27378333,10.798714699));
#2079 = CARTESIAN_POINT('',(-6.455031679,6.348572905,10.802250794));
#2080 = CARTESIAN_POINT('',(-6.488507278,6.494874069,10.782134072));
#2081 = CARTESIAN_POINT('',(-6.504064908,6.566344684,10.758486912));
#2082 = CARTESIAN_POINT('',(-6.530794304,6.696802525,10.687037038));
#2083 = CARTESIAN_POINT('',(-6.541958283,6.755753188,10.639254375));
#2084 = CARTESIAN_POINT('',(-6.558429333,6.8535687,10.525678327));
#2085 = CARTESIAN_POINT('',(-6.563731584,6.892406093,10.459916811));
#2086 = CARTESIAN_POINT('',(-6.565753229,6.91868975,10.389382816));
#2087 = CARTESIAN_POINT('',(-6.340179148,6.215599585,10.785004579));
#2088 = CARTESIAN_POINT('',(-6.349431181,6.290505385,10.80272004));
#2089 = CARTESIAN_POINT('',(-6.358680091,6.368695737,10.806444893));
#2090 = CARTESIAN_POINT('',(-6.37587858,6.521202522,10.785413784));
#2091 = CARTESIAN_POINT('',(-6.383822353,6.595472148,10.760664235));
#2092 = CARTESIAN_POINT('',(-6.397288344,6.730122332,10.685996722));
#2093 = CARTESIAN_POINT('',(-6.402806016,6.790461527,10.636101602));
#2094 = CARTESIAN_POINT('',(-6.41063929,6.889102318,10.517844646));
#2095 = CARTESIAN_POINT('',(-6.412952248,6.927373548,10.449519026));
#2096 = CARTESIAN_POINT('',(-6.41349984,6.952033308,10.376555638));
#2097 = CARTESIAN_POINT('',(-6.260804454,6.215599585,10.785004579));
#2098 = CARTESIAN_POINT('',(-6.260804454,6.292213964,10.803124125));
#2099 = CARTESIAN_POINT('',(-6.260804454,6.372266276,10.806591681));
#2100 = CARTESIAN_POINT('',(-6.260804454,6.528054704,10.783738017));
#2101 = CARTESIAN_POINT('',(-6.260804454,6.60373823,10.757424512));
#2102 = CARTESIAN_POINT('',(-6.260804454,6.740102641,10.67870303));
#2103 = CARTESIAN_POINT('',(-6.260804454,6.800737493,10.626321628));
#2104 = CARTESIAN_POINT('',(-6.260804454,6.898435171,10.502840909));
#2105 = CARTESIAN_POINT('',(-6.260804454,6.935465017,10.431783276));
#2106 = CARTESIAN_POINT('',(-6.260804454,6.958087311,10.356375631));
#2107 = ADVANCED_FACE('',(#2108),#2120,.T.);
#2108 = FACE_BOUND('',#2109,.T.);
#2109 = EDGE_LOOP('',(#2110,#2111,#2112,#2119));
#2110 = ORIENTED_EDGE('',*,*,#1785,.T.);
#2111 = ORIENTED_EDGE('',*,*,#1395,.F.);
#2112 = ORIENTED_EDGE('',*,*,#2113,.F.);
#2113 = EDGE_CURVE('',#132,#1290,#2114,.T.);
#2114 = CIRCLE('',#2115,0.625);
#2115 = AXIS2_PLACEMENT_3D('',#2116,#2117,#2118);
#2116 = CARTESIAN_POINT('',(6.260804454,-6.359445882,10.176783203));
#2117 = DIRECTION('',(-1.,-0.,-0.));
#2118 = DIRECTION('',(0.,0.,-1.));
#2119 = ORIENTED_EDGE('',*,*,#1464,.F.);
#2120 = B_SPLINE_SURFACE_WITH_KNOTS('',3,3,(
    (#2121,#2122,#2123,#2124,#2125,#2126,#2127,#2128,#2129,#2130)
    ,(#2131,#2132,#2133,#2134,#2135,#2136,#2137,#2138,#2139,#2140)
    ,(#2141,#2142,#2143,#2144,#2145,#2146,#2147,#2148,#2149,#2150)
    ,(#2151,#2152,#2153,#2154,#2155,#2156,#2157,#2158,#2159,#2160)
    ,(#2161,#2162,#2163,#2164,#2165,#2166,#2167,#2168,#2169,#2170)
    ,(#2171,#2172,#2173,#2174,#2175,#2176,#2177,#2178,#2179,#2180)
    ,(#2181,#2182,#2183,#2184,#2185,#2186,#2187,#2188,#2189,#2190)
    ,(#2191,#2192,#2193,#2194,#2195,#2196,#2197,#2198,#2199,#2200)
    ,(#2201,#2202,#2203,#2204,#2205,#2206,#2207,#2208,#2209,#2210)
    ,(#2211,#2212,#2213,#2214,#2215,#2216,#2217,#2218,#2219,#2220)
    ,(#2221,#2222,#2223,#2224,#2225,#2226,#2227,#2228,#2229,#2230)
    ,(#2231,#2232,#2233,#2234,#2235,#2236,#2237,#2238,#2239,#2240)
    ,(#2241,#2242,#2243,#2244,#2245,#2246,#2247,#2248,#2249,#2250)
    ,(#2251,#2252,#2253,#2254,#2255,#2256,#2257,#2258,#2259,#2260)
    ,(#2261,#2262,#2263,#2264,#2265,#2266,#2267,#2268,#2269,#2270)
    ,(#2271,#2272,#2273,#2274,#2275,#2276,#2277,#2278,#2279,#2280
  )),.UNSPECIFIED.,.F.,.F.,.F.,(4,2,2,2,2,2,2,4),(4,2,2,2,4),(-0.,
    1.1748E-04,2.3496E-04,3.52441E-04,4.69921E-04,5.87401E-04,
    7.04881E-04,9.39842E-04),(0.,0.25,0.5,0.75,1.),.UNSPECIFIED.);
#2121 = CARTESIAN_POINT('',(6.897467225,-5.667083696,10.661002856));
#2122 = CARTESIAN_POINT('',(6.964316678,-5.671216023,10.661893919));
#2123 = CARTESIAN_POINT('',(7.031154283,-5.677636754,10.652168892));
#2124 = CARTESIAN_POINT('',(7.158002019,-5.694401421,10.612476627));
#2125 = CARTESIAN_POINT('',(7.217989668,-5.704742386,10.582516422));
#2126 = CARTESIAN_POINT('',(7.324986044,-5.728288914,10.50541769));
#2127 = CARTESIAN_POINT('',(7.371975808,-5.741490304,10.458292826));
#2128 = CARTESIAN_POINT('',(7.448155134,-5.769405491,10.351689211));
#2129 = CARTESIAN_POINT('',(7.477331194,-5.78411434,10.292229353));
#2130 = CARTESIAN_POINT('',(7.496108653,-5.798825796,10.229637824));
#2131 = CARTESIAN_POINT('',(6.894960002,-5.704999139,10.669178646));
#2132 = CARTESIAN_POINT('',(6.961340817,-5.713458221,10.671008658));
#2133 = CARTESIAN_POINT('',(7.02771,-5.724206607,10.662285754));
#2134 = CARTESIAN_POINT('',(7.153706672,-5.749191465,10.624616585));
#2135 = CARTESIAN_POINT('',(7.213312083,-5.763423543,10.595676917));
#2136 = CARTESIAN_POINT('',(7.319703287,-5.793924058,10.520516466));
#2137 = CARTESIAN_POINT('',(7.366470438,-5.810187136,10.474308849));
#2138 = CARTESIAN_POINT('',(7.442413621,-5.843090865,10.369316014));
#2139 = CARTESIAN_POINT('',(7.471576346,-5.859725738,10.31054919));
#2140 = CARTESIAN_POINT('',(7.490454106,-5.875701087,10.248486312));
#2141 = CARTESIAN_POINT('',(6.888581203,-5.742022405,10.677244012));
#2142 = CARTESIAN_POINT('',(6.954169434,-5.754696729,10.680007439));
#2143 = CARTESIAN_POINT('',(7.019746224,-5.769668174,10.672246316));
#2144 = CARTESIAN_POINT('',(7.14425402,-5.802693571,10.636458855));
#2145 = CARTESIAN_POINT('',(7.20316331,-5.820741765,10.60843876));
#2146 = CARTESIAN_POINT('',(7.308343148,-5.858086655,10.534975743));
#2147 = CARTESIAN_POINT('',(7.354595352,-5.877376839,10.489545634));
#2148 = CARTESIAN_POINT('',(7.429753103,-5.915244704,10.385876407));
#2149 = CARTESIAN_POINT('',(7.458645542,-5.933815783,10.327655369));
#2150 = CARTESIAN_POINT('',(7.477392552,-5.951086294,10.265987894));
#2151 = CARTESIAN_POINT('',(6.868365087,-5.814353301,10.693146661));
#2152 = CARTESIAN_POINT('',(6.931732399,-5.835314291,10.697778277));
#2153 = CARTESIAN_POINT('',(6.995088629,-5.858601804,10.691876457));
#2154 = CARTESIAN_POINT('',(7.115371585,-5.907475079,10.659602861));
#2155 = CARTESIAN_POINT('',(7.172277274,-5.933052295,10.633236731));
#2156 = CARTESIAN_POINT('',(7.273862097,-5.983901501,10.562712287));
#2157 = CARTESIAN_POINT('',(7.318523462,-6.0091646,10.518566308));
#2158 = CARTESIAN_POINT('',(7.391067412,-6.056813118,10.416971393));
#2159 = CARTESIAN_POINT('',(7.418937309,-6.079190205,10.359540227));
#2160 = CARTESIAN_POINT('',(7.436995859,-6.098988681,10.298379391));
#2161 = CARTESIAN_POINT('',(6.854313093,-5.850031688,10.701067454));
#2162 = CARTESIAN_POINT('',(6.916230959,-5.875107329,10.706644043));
#2163 = CARTESIAN_POINT('',(6.978137907,-5.902531432,10.701648974));
#2164 = CARTESIAN_POINT('',(7.095644227,-5.959295302,10.671023181));
#2165 = CARTESIAN_POINT('',(7.151222882,-5.988625085,10.645397857));
#2166 = CARTESIAN_POINT('',(7.25038796,-6.046205375,10.576124165));
#2167 = CARTESIAN_POINT('',(7.293956898,-6.074445751,10.532488007));
#2168 = CARTESIAN_POINT('',(7.364643712,-6.126962059,10.431647074));
#2169 = CARTESIAN_POINT('',(7.391749125,-6.151228748,10.374460072));
#2170 = CARTESIAN_POINT('',(7.409240395,-6.172272847,10.313409257));
#2171 = CARTESIAN_POINT('',(6.819383354,-5.917491948,10.71617024));
#2172 = CARTESIAN_POINT('',(6.877801006,-5.950467202,10.723589873));
#2173 = CARTESIAN_POINT('',(6.936208074,-5.985848082,10.720297222));
#2174 = CARTESIAN_POINT('',(7.04699057,-6.057783619,10.692626702));
#2175 = CARTESIAN_POINT('',(7.099345928,-6.094325267,10.668253848));
#2176 = CARTESIAN_POINT('',(7.192597127,-6.164799169,10.600941005));
#2177 = CARTESIAN_POINT('',(7.233476073,-6.198718676,10.558013208));
#2178 = CARTESIAN_POINT('',(7.299533866,-6.260434904,10.458031779));
#2179 = CARTESIAN_POINT('',(7.324700744,-6.288220461,10.400996252));
#2180 = CARTESIAN_POINT('',(7.340710612,-6.311504689,10.33985002));
#2181 = CARTESIAN_POINT('',(6.798654858,-5.949215707,10.723337101));
#2182 = CARTESIAN_POINT('',(6.855035267,-5.985967855,10.731652462));
#2183 = CARTESIAN_POINT('',(6.911405259,-6.025160585,10.729154232));
#2184 = CARTESIAN_POINT('',(7.018266851,-6.104361235,10.702790987));
#2185 = CARTESIAN_POINT('',(7.068738707,-6.144354571,10.678930844));
#2186 = CARTESIAN_POINT('',(7.15851979,-6.220977693,10.612332147));
#2187 = CARTESIAN_POINT('',(7.197812429,-6.257593363,10.569605887));
#2188 = CARTESIAN_POINT('',(7.261118665,-6.3236332,10.469737182));
#2189 = CARTESIAN_POINT('',(7.285120565,-6.353045197,10.412613168));
#2190 = CARTESIAN_POINT('',(7.300223989,-6.377322817,10.351265801));
#2191 = CARTESIAN_POINT('',(6.750823685,-6.008752556,10.736881733));
#2192 = CARTESIAN_POINT('',(6.802516357,-6.052771599,10.746941801));
#2193 = CARTESIAN_POINT('',(6.854199003,-6.099313938,10.745925586));
#2194 = CARTESIAN_POINT('',(6.952043865,-6.192499144,10.721849616));
#2195 = CARTESIAN_POINT('',(6.998187107,-6.239123993,10.698794529));
#2196 = CARTESIAN_POINT('',(7.080004278,-6.327482895,10.633103009));
#2197 = CARTESIAN_POINT('',(7.115662341,-6.369199858,10.590479302));
#2198 = CARTESIAN_POINT('',(7.172682221,-6.44327461,10.49020991));
#2199 = CARTESIAN_POINT('',(7.194032979,-6.475618067,10.432583646));
#2200 = CARTESIAN_POINT('',(7.207088192,-6.501548352,10.370530486));
#2201 = CARTESIAN_POINT('',(6.723517023,-6.036636676,10.743276902));
#2202 = CARTESIAN_POINT('',(6.772539004,-6.084157503,10.754189041));
#2203 = CARTESIAN_POINT('',(6.821551186,-6.134249762,10.753861994));
#2204 = CARTESIAN_POINT('',(6.914261559,-6.234177109,10.730765893));
#2205 = CARTESIAN_POINT('',(6.957941223,-6.283992309,10.708001451));
#2206 = CARTESIAN_POINT('',(7.035231008,-6.377955001,10.642496761));
#2207 = CARTESIAN_POINT('',(7.068825681,-6.422083789,10.599769576));
#2208 = CARTESIAN_POINT('',(7.122285247,-6.499877794,10.4989761));
#2209 = CARTESIAN_POINT('',(7.142139452,-6.533527518,10.440929905));
#2210 = CARTESIAN_POINT('',(7.154045398,-6.560115212,10.378365858));
#2211 = CARTESIAN_POINT('',(6.664758481,-6.086243597,10.754718115));
#2212 = CARTESIAN_POINT('',(6.707978443,-6.140230023,10.76721726));
#2213 = CARTESIAN_POINT('',(6.751189181,-6.196893265,10.768104562));
#2214 = CARTESIAN_POINT('',(6.832771469,-6.309264335,10.746557665));
#2215 = CARTESIAN_POINT('',(6.871125613,-6.364948283,10.724128058));
#2216 = CARTESIAN_POINT('',(6.938680825,-6.469112478,10.658456491));
#2217 = CARTESIAN_POINT('',(6.967867478,-6.517570583,10.615228512));
#2218 = CARTESIAN_POINT('',(7.013802283,-6.601842212,10.512805266));
#2219 = CARTESIAN_POINT('',(7.03054063,-6.637637817,10.453631798));
#2220 = CARTESIAN_POINT('',(7.040115845,-6.665099535,10.389793284));
#2221 = CARTESIAN_POINT('',(6.633088737,-6.10829622,10.759838949));
#2222 = CARTESIAN_POINT('',(6.673156427,-6.165285537,10.773082378));
#2223 = CARTESIAN_POINT('',(6.713215246,-6.225009281,10.774503139));
#2224 = CARTESIAN_POINT('',(6.788763466,-6.343157184,10.753539175));
#2225 = CARTESIAN_POINT('',(6.824236139,-6.401555322,10.731159078));
#2226 = CARTESIAN_POINT('',(6.886547871,-6.510381139,10.665141172));
#2227 = CARTESIAN_POINT('',(6.91337313,-6.560784843,10.621517924));
#2228 = CARTESIAN_POINT('',(6.955313959,-6.647860144,10.517990025));
#2229 = CARTESIAN_POINT('',(6.970420237,-6.684512549,10.458108204));
#2230 = CARTESIAN_POINT('',(6.978803749,-6.712201586,10.393503906));
#2231 = CARTESIAN_POINT('',(6.565177831,-6.146920145,10.768844315));
#2232 = CARTESIAN_POINT('',(6.598366938,-6.209468605,10.783471725));
#2233 = CARTESIAN_POINT('',(6.6315481,-6.274876598,10.785805261));
#2234 = CARTESIAN_POINT('',(6.693975971,-6.403708552,10.765610548));
#2235 = CARTESIAN_POINT('',(6.723207733,-6.467101835,10.74308712));
#2236 = CARTESIAN_POINT('',(6.774254558,-6.584376619,10.675842713));
#2237 = CARTESIAN_POINT('',(6.796057397,-6.638230189,10.631137766));
#2238 = CARTESIAN_POINT('',(6.829646542,-6.730025985,10.524830392));
#2239 = CARTESIAN_POINT('',(6.8414248,-6.76794634,10.463253306));
#2240 = CARTESIAN_POINT('',(6.847490771,-6.79565509,10.396880813));
#2241 = CARTESIAN_POINT('',(6.529403679,-6.163167492,10.772653315));
#2242 = CARTESIAN_POINT('',(6.558912434,-6.228228049,10.787909402));
#2243 = CARTESIAN_POINT('',(6.588413812,-6.296214782,10.79061432));
#2244 = CARTESIAN_POINT('',(6.643843556,-6.429868991,10.770597183));
#2245 = CARTESIAN_POINT('',(6.669758068,-6.495503302,10.747880101));
#2246 = CARTESIAN_POINT('',(6.714860589,-6.616496857,10.679760511));
#2247 = CARTESIAN_POINT('',(6.734037324,-6.671826069,10.634374919));
#2248 = CARTESIAN_POINT('',(6.763328366,-6.765497488,10.526409044));
#2249 = CARTESIAN_POINT('',(6.773435349,-6.803816433,10.46385557));
#2250 = CARTESIAN_POINT('',(6.77839392,-6.831314349,10.396492136));
#2251 = CARTESIAN_POINT('',(6.419210005,-6.202127144,10.781808923));
#2252 = CARTESIAN_POINT('',(6.437123447,-6.27378333,10.798714699));
#2253 = CARTESIAN_POINT('',(6.455031679,-6.348572905,10.802250794));
#2254 = CARTESIAN_POINT('',(6.488507278,-6.494874069,10.782134072));
#2255 = CARTESIAN_POINT('',(6.504064908,-6.566344684,10.758486912));
#2256 = CARTESIAN_POINT('',(6.530794304,-6.696802525,10.687037038));
#2257 = CARTESIAN_POINT('',(6.541958283,-6.755753188,10.639254375));
#2258 = CARTESIAN_POINT('',(6.558429333,-6.8535687,10.525678327));
#2259 = CARTESIAN_POINT('',(6.563731584,-6.892406093,10.459916811));
#2260 = CARTESIAN_POINT('',(6.565753229,-6.91868975,10.389382816));
#2261 = CARTESIAN_POINT('',(6.340179148,-6.215599585,10.785004579));
#2262 = CARTESIAN_POINT('',(6.349431181,-6.290505385,10.80272004));
#2263 = CARTESIAN_POINT('',(6.358680091,-6.368695737,10.806444893));
#2264 = CARTESIAN_POINT('',(6.37587858,-6.521202522,10.785413784));
#2265 = CARTESIAN_POINT('',(6.383822353,-6.595472148,10.760664235));
#2266 = CARTESIAN_POINT('',(6.397288344,-6.730122332,10.685996722));
#2267 = CARTESIAN_POINT('',(6.402806016,-6.790461527,10.636101602));
#2268 = CARTESIAN_POINT('',(6.41063929,-6.889102318,10.517844646));
#2269 = CARTESIAN_POINT('',(6.412952248,-6.927373548,10.449519026));
#2270 = CARTESIAN_POINT('',(6.41349984,-6.952033308,10.376555638));
#2271 = CARTESIAN_POINT('',(6.260804454,-6.215599585,10.785004579));
#2272 = CARTESIAN_POINT('',(6.260804454,-6.292213964,10.803124125));
#2273 = CARTESIAN_POINT('',(6.260804454,-6.372266276,10.806591681));
#2274 = CARTESIAN_POINT('',(6.260804454,-6.528054704,10.783738017));
#2275 = CARTESIAN_POINT('',(6.260804454,-6.60373823,10.757424512));
#2276 = CARTESIAN_POINT('',(6.260804454,-6.740102641,10.67870303));
#2277 = CARTESIAN_POINT('',(6.260804454,-6.800737493,10.626321628));
#2278 = CARTESIAN_POINT('',(6.260804454,-6.898435171,10.502840909));
#2279 = CARTESIAN_POINT('',(6.260804454,-6.935465017,10.431783276));
#2280 = CARTESIAN_POINT('',(6.260804454,-6.958087311,10.356375631));
#2281 = ADVANCED_FACE('',(#2282),#2294,.T.);
#2282 = FACE_BOUND('',#2283,.T.);
#2283 = EDGE_LOOP('',(#2284,#2285,#2286,#2293));
#2284 = ORIENTED_EDGE('',*,*,#1939,.T.);
#2285 = ORIENTED_EDGE('',*,*,#248,.F.);
#2286 = ORIENTED_EDGE('',*,*,#2287,.F.);
#2287 = EDGE_CURVE('',#1298,#241,#2288,.T.);
#2288 = CIRCLE('',#2289,0.625);
#2289 = AXIS2_PLACEMENT_3D('',#2290,#2291,#2292);
#2290 = CARTESIAN_POINT('',(-6.897467225,-5.798825796,10.050045395));
#2291 = DIRECTION('',(6.311015097144E-02,-0.975583293559,0.210367169905)
  );
#2292 = DIRECTION('',(-2.393841615696E-11,0.21078736027,0.977531937458)
  );
#2293 = ORIENTED_EDGE('',*,*,#1309,.F.);
#2294 = B_SPLINE_SURFACE_WITH_KNOTS('',3,3,(
    (#2295,#2296,#2297,#2298,#2299,#2300,#2301,#2302,#2303,#2304)
    ,(#2305,#2306,#2307,#2308,#2309,#2310,#2311,#2312,#2313,#2314)
    ,(#2315,#2316,#2317,#2318,#2319,#2320,#2321,#2322,#2323,#2324)
    ,(#2325,#2326,#2327,#2328,#2329,#2330,#2331,#2332,#2333,#2334)
    ,(#2335,#2336,#2337,#2338,#2339,#2340,#2341,#2342,#2343,#2344)
    ,(#2345,#2346,#2347,#2348,#2349,#2350,#2351,#2352,#2353,#2354)
    ,(#2355,#2356,#2357,#2358,#2359,#2360,#2361,#2362,#2363,#2364)
    ,(#2365,#2366,#2367,#2368,#2369,#2370,#2371,#2372,#2373,#2374)
    ,(#2375,#2376,#2377,#2378,#2379,#2380,#2381,#2382,#2383,#2384)
    ,(#2385,#2386,#2387,#2388,#2389,#2390,#2391,#2392,#2393,#2394)
    ,(#2395,#2396,#2397,#2398,#2399,#2400,#2401,#2402,#2403,#2404)
    ,(#2405,#2406,#2407,#2408,#2409,#2410,#2411,#2412,#2413,#2414)
    ,(#2415,#2416,#2417,#2418,#2419,#2420,#2421,#2422,#2423,#2424)
    ,(#2425,#2426,#2427,#2428,#2429,#2430,#2431,#2432,#2433,#2434
  )),.UNSPECIFIED.,.F.,.F.,.F.,(4,2,2,2,2,2,4),(4,2,2,2,4),(0.,
    2.921319E-03,4.381979E-03,5.842638E-03,7.303298E-03,8.763958E-03,
    1.1685277E-02),(0.,0.25,0.5,0.75,1.),.UNSPECIFIED.);
#2295 = CARTESIAN_POINT('',(-6.897467225,-5.667083696,10.661002856));
#2296 = CARTESIAN_POINT('',(-6.964316678,-5.671216023,10.661893919));
#2297 = CARTESIAN_POINT('',(-7.031154283,-5.677636754,10.652168892));
#2298 = CARTESIAN_POINT('',(-7.158002019,-5.694401421,10.612476627));
#2299 = CARTESIAN_POINT('',(-7.217989668,-5.704742386,10.582516422));
#2300 = CARTESIAN_POINT('',(-7.324986044,-5.728288914,10.50541769));
#2301 = CARTESIAN_POINT('',(-7.371975808,-5.741490304,10.458292826));
#2302 = CARTESIAN_POINT('',(-7.448155134,-5.769405491,10.351689211));
#2303 = CARTESIAN_POINT('',(-7.477331194,-5.78411434,10.292229353));
#2304 = CARTESIAN_POINT('',(-7.496108653,-5.798825796,10.229637824));
#2305 = CARTESIAN_POINT('',(-6.959079831,-4.735347667,10.460090568));
#2306 = CARTESIAN_POINT('',(-7.025859982,-4.738856679,10.460700723));
#2307 = CARTESIAN_POINT('',(-7.092628377,-4.744286897,10.450652881));
#2308 = CARTESIAN_POINT('',(-7.219367193,-4.758439113,10.410260791));
#2309 = CARTESIAN_POINT('',(-7.279315303,-4.767158621,10.379923654));
#2310 = CARTESIAN_POINT('',(-7.386286459,-4.787000278,10.302045402));
#2311 = CARTESIAN_POINT('',(-7.433290673,-4.798118937,10.254517999));
#2312 = CARTESIAN_POINT('',(-7.509567206,-4.821624486,10.147109014));
#2313 = CARTESIAN_POINT('',(-7.538826097,-4.834007243,10.087246345));
#2314 = CARTESIAN_POINT('',(-7.557721259,-4.846392178,10.024262469));
#2315 = CARTESIAN_POINT('',(-7.006003168,-3.796734135,10.307217524));
#2316 = CARTESIAN_POINT('',(-7.072728713,-3.799575421,10.307602885));
#2317 = CARTESIAN_POINT('',(-7.139442567,-3.8039614,10.29729772));
#2318 = CARTESIAN_POINT('',(-7.266095532,-3.81537908,10.256349238));
#2319 = CARTESIAN_POINT('',(-7.326012462,-3.822408784,10.225713094));
#2320 = CARTESIAN_POINT('',(-7.432963694,-3.838398829,10.147217379));
#2321 = CARTESIAN_POINT('',(-7.479979266,-3.847356373,10.099371555));
#2322 = CARTESIAN_POINT('',(-7.556332396,-3.866290407,9.991325959));
#2323 = CARTESIAN_POINT('',(-7.585656581,-3.876263583,9.931145108));
#2324 = CARTESIAN_POINT('',(-7.604644597,-3.886238503,9.867851342));
#2325 = CARTESIAN_POINT('',(-7.053262882,-2.377513775,10.15328225));
#2326 = CARTESIAN_POINT('',(-7.119932899,-2.379310295,10.15343847));
#2327 = CARTESIAN_POINT('',(-7.186591297,-2.38207678,10.14287129));
#2328 = CARTESIAN_POINT('',(-7.31315697,-2.389270503,10.101356688));
#2329 = CARTESIAN_POINT('',(-7.373042197,-2.393696488,10.070416498));
#2330 = CARTESIAN_POINT('',(-7.479973167,-2.403760065,9.991293172));
#2331 = CARTESIAN_POINT('',(-7.527000283,-2.409395904,9.943123817));
#2332 = CARTESIAN_POINT('',(-7.60343129,-2.421306954,9.834431508));
#2333 = CARTESIAN_POINT('',(-7.632821868,-2.42758009,9.773927488));
#2334 = CARTESIAN_POINT('',(-7.65190431,-2.433854316,9.710318969));
#2335 = CARTESIAN_POINT('',(-7.065167416,-1.90189205,10.114515236));
#2336 = CARTESIAN_POINT('',(-7.131823254,-1.903332733,10.114613003));
#2337 = CARTESIAN_POINT('',(-7.198467498,-1.905549884,10.103979069));
#2338 = CARTESIAN_POINT('',(-7.325010891,-1.911313521,10.062320364));
#2339 = CARTESIAN_POINT('',(-7.384888029,-1.914859004,10.031302841));
#2340 = CARTESIAN_POINT('',(-7.49181383,-1.922919735,9.952019957));
#2341 = CARTESIAN_POINT('',(-7.538843894,-1.92743358,9.903768389));
#2342 = CARTESIAN_POINT('',(-7.615294779,-1.936973005,9.794911774));
#2343 = CARTESIAN_POINT('',(-7.644702301,-1.941996925,9.734325664));
#2344 = CARTESIAN_POINT('',(-7.663808845,-1.947021719,9.670637184));
#2345 = CARTESIAN_POINT('',(-7.081018702,-0.950868827,10.062899695));
#2346 = CARTESIAN_POINT('',(-7.147655704,-0.951592058,10.062919372));
#2347 = CARTESIAN_POINT('',(-7.214281136,-0.952703944,10.052196258));
#2348 = CARTESIAN_POINT('',(-7.340794916,-0.955593003,10.010345035));
#2349 = CARTESIAN_POINT('',(-7.400661298,-0.957369675,9.979224193));
#2350 = CARTESIAN_POINT('',(-7.507580221,-0.961408306,9.899728144));
#2351 = CARTESIAN_POINT('',(-7.554614198,-0.963669564,9.85136674));
#2352 = CARTESIAN_POINT('',(-7.631091499,-0.968448146,9.742290624));
#2353 = CARTESIAN_POINT('',(-7.660521545,-0.970964641,9.681594852));
#2354 = CARTESIAN_POINT('',(-7.67966013,-0.973481573,9.617799567));
#2355 = CARTESIAN_POINT('',(-7.084981586,-0.475380286,10.049997582));
#2356 = CARTESIAN_POINT('',(-7.151613853,-0.475741863,10.049997578));
#2357 = CARTESIAN_POINT('',(-7.218234555,-0.476297746,10.039252004));
#2358 = CARTESIAN_POINT('',(-7.34474089,-0.477742116,9.997352316));
#2359 = CARTESIAN_POINT('',(-7.404604567,-0.478630354,9.966205475));
#2360 = CARTESIAN_POINT('',(-7.51152176,-0.480649445,9.886655795));
#2361 = CARTESIAN_POINT('',(-7.55855672,-0.481779948,9.838266764));
#2362 = CARTESIAN_POINT('',(-7.635040663,-0.484168973,9.729135443));
#2363 = CARTESIAN_POINT('',(-7.664476372,-0.48542708,9.668412094));
#2364 = CARTESIAN_POINT('',(-7.683623014,-0.486685406,9.604589952));
#2365 = CARTESIAN_POINT('',(-7.0849801,0.475647648,10.050002419));
#2366 = CARTESIAN_POINT('',(-7.151612369,0.476009429,10.050002423));
#2367 = CARTESIAN_POINT('',(-7.218233072,0.476565624,10.039256857));
#2368 = CARTESIAN_POINT('',(-7.34473941,0.478010807,9.997357188));
#2369 = CARTESIAN_POINT('',(-7.404603088,0.478899544,9.966210356));
#2370 = CARTESIAN_POINT('',(-7.511520282,0.480919771,9.886660696));
#2371 = CARTESIAN_POINT('',(-7.558555242,0.48205091,9.838271675));
#2372 = CARTESIAN_POINT('',(-7.635039183,0.484441278,9.729140375));
#2373 = CARTESIAN_POINT('',(-7.664474889,0.485700093,9.668417037));
#2374 = CARTESIAN_POINT('',(-7.683621529,0.486959126,9.604594905));
#2375 = CARTESIAN_POINT('',(-7.08101573,0.951187179,10.062909369));
#2376 = CARTESIAN_POINT('',(-7.147652736,0.951910652,10.06292906));
#2377 = CARTESIAN_POINT('',(-7.214278171,0.95302291,10.052205963));
#2378 = CARTESIAN_POINT('',(-7.340791958,0.955912936,10.010354777));
#2379 = CARTESIAN_POINT('',(-7.400658341,0.957690202,9.979233955));
#2380 = CARTESIAN_POINT('',(-7.507577266,0.961730185,9.899737946));
#2381 = CARTESIAN_POINT('',(-7.554611242,0.963992199,9.851376562));
#2382 = CARTESIAN_POINT('',(-7.631088538,0.968772381,9.742300487));
#2383 = CARTESIAN_POINT('',(-7.660518579,0.971289718,9.681604736));
#2384 = CARTESIAN_POINT('',(-7.679657158,0.973807492,9.617809472));
#2385 = CARTESIAN_POINT('',(-7.065156373,1.902414435,10.114551198));
#2386 = CARTESIAN_POINT('',(-7.131812224,1.90385551,10.11464902));
#2387 = CARTESIAN_POINT('',(-7.19845648,1.906073267,10.104015148));
#2388 = CARTESIAN_POINT('',(-7.324999894,1.911838478,10.062356577));
#2389 = CARTESIAN_POINT('',(-7.384877039,1.915384931,10.031339125));
#2390 = CARTESIAN_POINT('',(-7.491802846,1.923447866,9.95205639));
#2391 = CARTESIAN_POINT('',(-7.538832907,1.927962946,9.903804898));
#2392 = CARTESIAN_POINT('',(-7.615283773,1.93750498,9.794948436));
#2393 = CARTESIAN_POINT('',(-7.644691279,1.942530274,9.734362402));
#2394 = CARTESIAN_POINT('',(-7.663797801,1.947556443,9.670673997));
#2395 = CARTESIAN_POINT('',(-7.053251303,2.377912957,10.153320144));
#2396 = CARTESIAN_POINT('',(-7.119921345,2.379709775,10.153476415));
#2397 = CARTESIAN_POINT('',(-7.186579768,2.382476719,10.14290929));
#2398 = CARTESIAN_POINT('',(-7.313145478,2.389671637,10.101394803));
#2399 = CARTESIAN_POINT('',(-7.373030718,2.394098358,10.070454672));
#2400 = CARTESIAN_POINT('',(-7.479961695,2.40416361,9.991331465));
#2401 = CARTESIAN_POINT('',(-7.526988806,2.409800387,9.943162171));
#2402 = CARTESIAN_POINT('',(-7.603419779,2.421713419,9.834469984));
#2403 = CARTESIAN_POINT('',(-7.632810329,2.427987599,9.773966025));
#2404 = CARTESIAN_POINT('',(-7.651892731,2.434262868,9.710357565));
#2405 = CARTESIAN_POINT('',(-7.005996492,3.796836719,10.307239462));
#2406 = CARTESIAN_POINT('',(-7.072722056,3.799678076,10.307624849));
#2407 = CARTESIAN_POINT('',(-7.139435929,3.804064167,10.29731971));
#2408 = CARTESIAN_POINT('',(-7.266088922,3.815482141,10.256371282));
#2409 = CARTESIAN_POINT('',(-7.326005862,3.822512026,10.225735165));
#2410 = CARTESIAN_POINT('',(-7.432957099,3.838502487,10.147239502));
#2411 = CARTESIAN_POINT('',(-7.479972667,3.847460264,10.099393704));
#2412 = CARTESIAN_POINT('',(-7.556325771,3.86639479,9.991348159));
#2413 = CARTESIAN_POINT('',(-7.585649935,3.876368226,9.931167335));
#2414 = CARTESIAN_POINT('',(-7.604637921,3.886343404,9.867873596));
#2415 = CARTESIAN_POINT('',(-6.959079468,4.735353155,10.460091752));
#2416 = CARTESIAN_POINT('',(-7.02585962,4.738862171,10.460701908));
#2417 = CARTESIAN_POINT('',(-7.092628015,4.744292395,10.450654068));
#2418 = CARTESIAN_POINT('',(-7.219366832,4.758444625,10.410261982));
#2419 = CARTESIAN_POINT('',(-7.279314942,4.767164143,10.379924848));
#2420 = CARTESIAN_POINT('',(-7.386286098,4.787005822,10.3020466));
#2421 = CARTESIAN_POINT('',(-7.433290311,4.798124494,10.254519199));
#2422 = CARTESIAN_POINT('',(-7.509566844,4.821630069,10.147110219));
#2423 = CARTESIAN_POINT('',(-7.538825734,4.834012839,10.087247552));
#2424 = CARTESIAN_POINT('',(-7.557720896,4.846397787,10.024263679));
#2425 = CARTESIAN_POINT('',(-6.897467225,5.667083697,10.661002856));
#2426 = CARTESIAN_POINT('',(-6.964316678,5.671216023,10.661893919));
#2427 = CARTESIAN_POINT('',(-7.031154283,5.677636754,10.652168892));
#2428 = CARTESIAN_POINT('',(-7.158002019,5.694401421,10.612476627));
#2429 = CARTESIAN_POINT('',(-7.217989668,5.704742386,10.582516422));
#2430 = CARTESIAN_POINT('',(-7.324986044,5.728288915,10.50541769));
#2431 = CARTESIAN_POINT('',(-7.371975808,5.741490304,10.458292826));
#2432 = CARTESIAN_POINT('',(-7.448155134,5.769405491,10.351689211));
#2433 = CARTESIAN_POINT('',(-7.477331194,5.78411434,10.292229353));
#2434 = CARTESIAN_POINT('',(-7.496108653,5.798825796,10.229637824));
#2435 = ADVANCED_FACE('',(#2436),#2448,.T.);
#2436 = FACE_BOUND('',#2437,.T.);
#2437 = EDGE_LOOP('',(#2438,#2439,#2440,#2447));
#2438 = ORIENTED_EDGE('',*,*,#2113,.T.);
#2439 = ORIENTED_EDGE('',*,*,#1287,.F.);
#2440 = ORIENTED_EDGE('',*,*,#2441,.F.);
#2441 = EDGE_CURVE('',#140,#1288,#2442,.T.);
#2442 = CIRCLE('',#2443,0.625);
#2443 = AXIS2_PLACEMENT_3D('',#2444,#2445,#2446);
#2444 = CARTESIAN_POINT('',(-6.260804454,-6.359445882,10.176783203));
#2445 = DIRECTION('',(-1.,-0.,-0.));
#2446 = DIRECTION('',(0.,0.,-1.));
#2447 = ORIENTED_EDGE('',*,*,#139,.F.);
#2448 = CYLINDRICAL_SURFACE('',#2449,0.625);
#2449 = AXIS2_PLACEMENT_3D('',#2450,#2451,#2452);
#2450 = CARTESIAN_POINT('',(6.260804454,-6.359445882,10.176783203));
#2451 = DIRECTION('',(-1.,0.,0.));
#2452 = DIRECTION('',(0.,0.,-1.));
#2453 = ADVANCED_FACE('',(#2454),#2460,.T.);
#2454 = FACE_BOUND('',#2455,.T.);
#2455 = EDGE_LOOP('',(#2456,#2457,#2458,#2459));
#2456 = ORIENTED_EDGE('',*,*,#2287,.T.);
#2457 = ORIENTED_EDGE('',*,*,#1428,.F.);
#2458 = ORIENTED_EDGE('',*,*,#2441,.T.);
#2459 = ORIENTED_EDGE('',*,*,#1297,.F.);
#2460 = B_SPLINE_SURFACE_WITH_KNOTS('',3,3,(
    (#2461,#2462,#2463,#2464,#2465,#2466,#2467,#2468,#2469,#2470)
    ,(#2471,#2472,#2473,#2474,#2475,#2476,#2477,#2478,#2479,#2480)
    ,(#2481,#2482,#2483,#2484,#2485,#2486,#2487,#2488,#2489,#2490)
    ,(#2491,#2492,#2493,#2494,#2495,#2496,#2497,#2498,#2499,#2500)
    ,(#2501,#2502,#2503,#2504,#2505,#2506,#2507,#2508,#2509,#2510)
    ,(#2511,#2512,#2513,#2514,#2515,#2516,#2517,#2518,#2519,#2520)
    ,(#2521,#2522,#2523,#2524,#2525,#2526,#2527,#2528,#2529,#2530)
    ,(#2531,#2532,#2533,#2534,#2535,#2536,#2537,#2538,#2539,#2540)
    ,(#2541,#2542,#2543,#2544,#2545,#2546,#2547,#2548,#2549,#2550)
    ,(#2551,#2552,#2553,#2554,#2555,#2556,#2557,#2558,#2559,#2560)
    ,(#2561,#2562,#2563,#2564,#2565,#2566,#2567,#2568,#2569,#2570)
    ,(#2571,#2572,#2573,#2574,#2575,#2576,#2577,#2578,#2579,#2580)
    ,(#2581,#2582,#2583,#2584,#2585,#2586,#2587,#2588,#2589,#2590)
    ,(#2591,#2592,#2593,#2594,#2595,#2596,#2597,#2598,#2599,#2600)
    ,(#2601,#2602,#2603,#2604,#2605,#2606,#2607,#2608,#2609,#2610)
    ,(#2611,#2612,#2613,#2614,#2615,#2616,#2617,#2618,#2619,#2620)
    ,(#2621,#2622,#2623,#2624,#2625,#2626,#2627,#2628,#2629,#2630)
    ,(#2631,#2632,#2633,#2634,#2635,#2636,#2637,#2638,#2639,#2640
  )),.UNSPECIFIED.,.F.,.F.,.F.,(4,2,2,2,2,2,2,2,4),(4,2,2,2,4),(0.,
    1.1752E-04,2.35039E-04,3.52559E-04,4.70078E-04,5.87598E-04,
    7.05118E-04,8.22637E-04,9.40157E-04),(0.,0.25,0.5,0.75,1.),
  .UNSPECIFIED.);
#2461 = CARTESIAN_POINT('',(-6.260804454,-6.215599584,10.785004579));
#2462 = CARTESIAN_POINT('',(-6.260804454,-6.292213963,10.803124125));
#2463 = CARTESIAN_POINT('',(-6.260804454,-6.372266275,10.806591681));
#2464 = CARTESIAN_POINT('',(-6.260804454,-6.528054704,10.783738017));
#2465 = CARTESIAN_POINT('',(-6.260804454,-6.60373823,10.757424512));
#2466 = CARTESIAN_POINT('',(-6.260804454,-6.740102641,10.67870303));
#2467 = CARTESIAN_POINT('',(-6.260804454,-6.800737493,10.626321628));
#2468 = CARTESIAN_POINT('',(-6.260804454,-6.898435171,10.502840909));
#2469 = CARTESIAN_POINT('',(-6.260804454,-6.935465017,10.431783276));
#2470 = CARTESIAN_POINT('',(-6.260804454,-6.958087311,10.356375631));
#2471 = CARTESIAN_POINT('',(-6.300526905,-6.215599584,10.785004579));
#2472 = CARTESIAN_POINT('',(-6.305157013,-6.291358918,10.802921904));
#2473 = CARTESIAN_POINT('',(-6.309785558,-6.370479427,10.806518222));
#2474 = CARTESIAN_POINT('',(-6.318392409,-6.524625582,10.784576642));
#2475 = CARTESIAN_POINT('',(-6.322367809,-6.599601533,10.759045807));
#2476 = CARTESIAN_POINT('',(-6.32910676,-6.735108072,10.682353102));
#2477 = CARTESIAN_POINT('',(-6.331868036,-6.795594965,10.63121594));
#2478 = CARTESIAN_POINT('',(-6.335788137,-6.893764617,10.510349413));
#2479 = CARTESIAN_POINT('',(-6.336945639,-6.931415704,10.440658995));
#2480 = CARTESIAN_POINT('',(-6.337219677,-6.955057632,10.36647456));
#2481 = CARTESIAN_POINT('',(-6.339665466,-6.212291198,10.784221534));
#2482 = CARTESIAN_POINT('',(-6.348723881,-6.286825127,10.801839208));
#2483 = CARTESIAN_POINT('',(-6.357779445,-6.364644969,10.805452701));
#2484 = CARTESIAN_POINT('',(-6.374661039,-6.51644729,10.784188005));
#2485 = CARTESIAN_POINT('',(-6.382481756,-6.590382954,10.759316372));
#2486 = CARTESIAN_POINT('',(-6.395825928,-6.724433071,10.684421302));
#2487 = CARTESIAN_POINT('',(-6.401345181,-6.784506177,10.63442096));
#2488 = CARTESIAN_POINT('',(-6.409331676,-6.882711449,10.516002765));
#2489 = CARTESIAN_POINT('',(-6.411796399,-6.920813311,10.447621431));
#2490 = CARTESIAN_POINT('',(-6.412565674,-6.945364655,10.374641482));
#2491 = CARTESIAN_POINT('',(-6.41680823,-6.199244311,10.781140784));
#2492 = CARTESIAN_POINT('',(-6.434381285,-6.27065956,10.797985823));
#2493 = CARTESIAN_POINT('',(-6.451949315,-6.345213363,10.801434547));
#2494 = CARTESIAN_POINT('',(-6.48481158,-6.491046984,10.781097573));
#2495 = CARTESIAN_POINT('',(-6.500096421,-6.56228561,10.757317618));
#2496 = CARTESIAN_POINT('',(-6.526403892,-6.692279512,10.685581152));
#2497 = CARTESIAN_POINT('',(-6.537419002,-6.750998062,10.637644902));
#2498 = CARTESIAN_POINT('',(-6.55375238,-6.848354202,10.523777535));
#2499 = CARTESIAN_POINT('',(-6.559065977,-6.886964273,10.457878582));
#2500 = CARTESIAN_POINT('',(-6.561183944,-6.913031623,10.387235804));
#2501 = CARTESIAN_POINT('',(-6.45502622,-6.189430194,10.7788252));
#2502 = CARTESIAN_POINT('',(-6.476707724,-6.258939072,10.79519395));
#2503 = CARTESIAN_POINT('',(-6.498383317,-6.331514001,10.798459003));
#2504 = CARTESIAN_POINT('',(-6.538993517,-6.473697746,10.778372855));
#2505 = CARTESIAN_POINT('',(-6.55791705,-6.543268128,10.75502709));
#2506 = CARTESIAN_POINT('',(-6.590618127,-6.670643758,10.684657959));
#2507 = CARTESIAN_POINT('',(-6.604386751,-6.728414569,10.637653628));
#2508 = CARTESIAN_POINT('',(-6.625026009,-6.824878295,10.525899776));
#2509 = CARTESIAN_POINT('',(-6.631891008,-6.863545119,10.461180482));
#2510 = CARTESIAN_POINT('',(-6.634868703,-6.890221857,10.391676759));
#2511 = CARTESIAN_POINT('',(-6.529305898,-6.163234562,10.772668989));
#2512 = CARTESIAN_POINT('',(-6.558805145,-6.228304299,10.78792743));
#2513 = CARTESIAN_POINT('',(-6.588297019,-6.296300396,10.790634078));
#2514 = CARTESIAN_POINT('',(-6.643708501,-6.42997229,10.770618935));
#2515 = CARTESIAN_POINT('',(-6.669614257,-6.495614916,10.747902118));
#2516 = CARTESIAN_POINT('',(-6.714700716,-6.616622757,10.67978168));
#2517 = CARTESIAN_POINT('',(-6.733870146,-6.671957936,10.634394974));
#2518 = CARTESIAN_POINT('',(-6.763148642,-6.765637951,10.52642585));
#2519 = CARTESIAN_POINT('',(-6.773250385,-6.803959522,10.463870242));
#2520 = CARTESIAN_POINT('',(-6.778204989,-6.831458121,10.396504449));
#2521 = CARTESIAN_POINT('',(-6.564693646,-6.147133189,10.768894316));
#2522 = CARTESIAN_POINT('',(-6.597832822,-6.209714957,10.783529996));
#2523 = CARTESIAN_POINT('',(-6.630964056,-6.275157154,10.785868282));
#2524 = CARTESIAN_POINT('',(-6.693297,-6.404052997,10.765675372));
#2525 = CARTESIAN_POINT('',(-6.722483778,-6.467475931,10.743148999));
#2526 = CARTESIAN_POINT('',(-6.773450052,-6.584799737,10.675892096));
#2527 = CARTESIAN_POINT('',(-6.795217336,-6.638672647,10.631177611));
#2528 = CARTESIAN_POINT('',(-6.828748384,-6.730492655,10.524847197));
#2529 = CARTESIAN_POINT('',(-6.84050411,-6.768417861,10.463256628));
#2530 = CARTESIAN_POINT('',(-6.846555231,-6.79612328,10.396870515));
#2531 = CARTESIAN_POINT('',(-6.632000902,-6.108977175,10.759997397));
#2532 = CARTESIAN_POINT('',(-6.671959241,-6.166061896,10.773264455));
#2533 = CARTESIAN_POINT('',(-6.711908718,-6.22588303,10.774701412));
#2534 = CARTESIAN_POINT('',(-6.787248009,-6.34421433,10.753753013));
#2535 = CARTESIAN_POINT('',(-6.822621121,-6.402698401,10.731372289));
#2536 = CARTESIAN_POINT('',(-6.884752475,-6.511670601,10.665337944));
#2537 = CARTESIAN_POINT('',(-6.91149694,-6.562134693,10.621698906));
#2538 = CARTESIAN_POINT('',(-6.953302361,-6.649294702,10.51812915));
#2539 = CARTESIAN_POINT('',(-6.968354044,-6.685971384,10.458221299));
#2540 = CARTESIAN_POINT('',(-6.976698672,-6.713663945,10.393589458));
#2541 = CARTESIAN_POINT('',(-6.664210372,-6.086669313,10.754816572));
#2542 = CARTESIAN_POINT('',(-6.707376028,-6.140712234,10.76732968));
#2543 = CARTESIAN_POINT('',(-6.750532468,-6.197432963,10.768227398));
#2544 = CARTESIAN_POINT('',(-6.832010706,-6.309912767,10.746693061));
#2545 = CARTESIAN_POINT('',(-6.870315109,-6.365647923,10.724265599));
#2546 = CARTESIAN_POINT('',(-6.937779596,-6.46990071,10.658590569));
#2547 = CARTESIAN_POINT('',(-6.966925275,-6.518396169,10.61535699));
#2548 = CARTESIAN_POINT('',(-7.012790439,-6.602722878,10.512916875));
#2549 = CARTESIAN_POINT('',(-7.029500129,-6.638536188,10.453732154));
#2550 = CARTESIAN_POINT('',(-7.039054147,-6.666004202,10.389881181));
#2551 = CARTESIAN_POINT('',(-6.723390033,-6.036779637,10.743309605));
#2552 = CARTESIAN_POINT('',(-6.772399685,-6.084318121,10.754226061));
#2553 = CARTESIAN_POINT('',(-6.82139954,-6.134428263,10.75390261));
#2554 = CARTESIAN_POINT('',(-6.914086187,-6.234389631,10.730811888));
#2555 = CARTESIAN_POINT('',(-6.957754452,-6.284220959,10.708049229));
#2556 = CARTESIAN_POINT('',(-7.035023227,-6.378212135,10.642546258));
#2557 = CARTESIAN_POINT('',(-7.068608291,-6.422353269,10.599819012));
#2558 = CARTESIAN_POINT('',(-7.122051181,-6.500166592,10.499023859));
#2559 = CARTESIAN_POINT('',(-7.141898321,-6.533823282,10.440976053));
#2560 = CARTESIAN_POINT('',(-7.153798765,-6.560414769,10.3784099));
#2561 = CARTESIAN_POINT('',(-6.750139151,-6.00948846,10.737050137));
#2562 = CARTESIAN_POINT('',(-6.801764816,-6.053599177,10.747132396));
#2563 = CARTESIAN_POINT('',(-6.853380458,-6.100234387,10.746134361));
#2564 = CARTESIAN_POINT('',(-6.951096471,-6.193596064,10.722084828));
#2565 = CARTESIAN_POINT('',(-6.997177878,-6.240304464,10.699037998));
#2566 = CARTESIAN_POINT('',(-7.078881379,-6.328810419,10.633353062));
#2567 = CARTESIAN_POINT('',(-7.114487614,-6.370590845,10.590727692));
#2568 = CARTESIAN_POINT('',(-7.171418012,-6.444764039,10.49044686));
#2569 = CARTESIAN_POINT('',(-7.192731122,-6.477142447,10.432810836));
#2570 = CARTESIAN_POINT('',(-7.205757378,-6.503090931,10.370745495));
#2571 = CARTESIAN_POINT('',(-6.797953681,-5.950202278,10.723560588));
#2572 = CARTESIAN_POINT('',(-6.854265257,-5.987073025,10.731904179));
#2573 = CARTESIAN_POINT('',(-6.910566418,-6.026385546,10.729430563));
#2574 = CARTESIAN_POINT('',(-7.017295547,-6.105814349,10.703106841));
#2575 = CARTESIAN_POINT('',(-7.067703782,-6.145915994,10.679261603));
#2576 = CARTESIAN_POINT('',(-7.157367703,-6.222731551,10.612682277));
#2577 = CARTESIAN_POINT('',(-7.196606811,-6.259431303,10.569960489));
#2578 = CARTESIAN_POINT('',(-7.259820283,-6.325605018,10.470091311));
#2579 = CARTESIAN_POINT('',(-7.283782959,-6.355066776,10.412962365));
#2580 = CARTESIAN_POINT('',(-7.298855939,-6.379373885,10.351606615));
#2581 = CARTESIAN_POINT('',(-6.819195082,-5.917796316,10.716238838));
#2582 = CARTESIAN_POINT('',(-6.877594154,-5.950807652,10.723667));
#2583 = CARTESIAN_POINT('',(-6.935982645,-5.986224928,10.720381993));
#2584 = CARTESIAN_POINT('',(-7.046729402,-6.058229845,10.692724231));
#2585 = CARTESIAN_POINT('',(-7.099067602,-6.094804462,10.66835649));
#2586 = CARTESIAN_POINT('',(-7.192287222,-6.165337156,10.601051024));
#2587 = CARTESIAN_POINT('',(-7.233151751,-6.199282474,10.558125492));
#2588 = CARTESIAN_POINT('',(-7.299184584,-6.261040207,10.458145876));
#2589 = CARTESIAN_POINT('',(-7.324340924,-6.288841449,10.401109901));
#2590 = CARTESIAN_POINT('',(-7.340342628,-6.31213537,10.339962131));
#2591 = CARTESIAN_POINT('',(-6.854133158,-5.850437527,10.701157859));
#2592 = CARTESIAN_POINT('',(-6.916032725,-5.875560261,10.706745341));
#2593 = CARTESIAN_POINT('',(-6.977921377,-5.903031745,10.701760566));
#2594 = CARTESIAN_POINT('',(-7.095392599,-5.959885984,10.671153148));
#2595 = CARTESIAN_POINT('',(-7.150954456,-5.989258736,10.645535904));
#2596 = CARTESIAN_POINT('',(-7.250088812,-6.046916001,10.576275483));
#2597 = CARTESIAN_POINT('',(-7.293643831,-6.075190367,10.532644516));
#2598 = CARTESIAN_POINT('',(-7.364306842,-6.127762045,10.431810809));
#2599 = CARTESIAN_POINT('',(-7.391402373,-6.152050103,10.374625843));
#2600 = CARTESIAN_POINT('',(-7.408886203,-6.173108098,10.313575551));
#2601 = CARTESIAN_POINT('',(-6.867990978,-5.815441927,10.693387308));
#2602 = CARTESIAN_POINT('',(-6.931318785,-5.836528095,10.698047435));
#2603 = CARTESIAN_POINT('',(-6.994635512,-5.859941355,10.692173413));
#2604 = CARTESIAN_POINT('',(-7.114842987,-5.909054394,10.659951224));
#2605 = CARTESIAN_POINT('',(-7.171712707,-5.934745585,10.633608695));
#2606 = CARTESIAN_POINT('',(-7.273232335,-5.98579923,10.563125066));
#2607 = CARTESIAN_POINT('',(-7.317864486,-6.011152755,10.518996294));
#2608 = CARTESIAN_POINT('',(-7.390359384,-6.058949224,10.41742799));
#2609 = CARTESIAN_POINT('',(-7.418209451,-6.081383809,10.360006224));
#2610 = CARTESIAN_POINT('',(-7.436253763,-6.101220318,10.298850626));
#2611 = CARTESIAN_POINT('',(-6.888433772,-5.742793821,10.677412346));
#2612 = CARTESIAN_POINT('',(-6.95400424,-5.755556076,10.680195303));
#2613 = CARTESIAN_POINT('',(-7.019563271,-5.77061564,10.672454181));
#2614 = CARTESIAN_POINT('',(-7.144037593,-5.803808839,10.636705621));
#2615 = CARTESIAN_POINT('',(-7.202931176,-5.821936686,10.608704417));
#2616 = CARTESIAN_POINT('',(-7.308083466,-5.859424433,10.535276056));
#2617 = CARTESIAN_POINT('',(-7.354323836,-5.878777796,10.489861705));
#2618 = CARTESIAN_POINT('',(-7.429463165,-5.916749237,10.386219088));
#2619 = CARTESIAN_POINT('',(-7.458349019,-5.935360693,10.328008898));
#2620 = CARTESIAN_POINT('',(-7.477092459,-5.952658174,10.266349154));
#2621 = CARTESIAN_POINT('',(-6.894957124,-5.705042665,10.669188032));
#2622 = CARTESIAN_POINT('',(-6.961337401,-5.713506714,10.671019122));
#2623 = CARTESIAN_POINT('',(-7.027706046,-5.724260068,10.662297368));
#2624 = CARTESIAN_POINT('',(-7.153701741,-5.749254363,10.624630521));
#2625 = CARTESIAN_POINT('',(-7.213306714,-5.763490907,10.595692025));
#2626 = CARTESIAN_POINT('',(-7.319697223,-5.793999405,10.520533799));
#2627 = CARTESIAN_POINT('',(-7.366464118,-5.810265998,10.474327235));
#2628 = CARTESIAN_POINT('',(-7.44240703,-5.843175453,10.369336249));
#2629 = CARTESIAN_POINT('',(-7.47156974,-5.859812538,10.310570221));
#2630 = CARTESIAN_POINT('',(-7.490447615,-5.875789337,10.248507949));
#2631 = CARTESIAN_POINT('',(-6.897467225,-5.667083696,10.661002856));
#2632 = CARTESIAN_POINT('',(-6.964316678,-5.671216023,10.661893919));
#2633 = CARTESIAN_POINT('',(-7.031154283,-5.677636754,10.652168892));
#2634 = CARTESIAN_POINT('',(-7.158002019,-5.694401421,10.612476627));
#2635 = CARTESIAN_POINT('',(-7.217989668,-5.704742386,10.582516422));
#2636 = CARTESIAN_POINT('',(-7.324986044,-5.728288914,10.50541769));
#2637 = CARTESIAN_POINT('',(-7.371975808,-5.741490304,10.458292826));
#2638 = CARTESIAN_POINT('',(-7.448155134,-5.769405491,10.351689211));
#2639 = CARTESIAN_POINT('',(-7.477331194,-5.78411434,10.292229353));
#2640 = CARTESIAN_POINT('',(-7.496108653,-5.798825796,10.229637824));
#2641 = ( GEOMETRIC_REPRESENTATION_CONTEXT(3) 
GLOBAL_UNCERTAINTY_ASSIGNED_CONTEXT((#2645)) 
GLOBAL_UNIT_ASSIGNED_CONTEXT((#2642,#2643,#2644)) REPRESENTATION_CONTEXT
('Context #1','3D Context with UNIT and UNCERTAINTY') );
#2642 = ( LENGTH_UNIT() NAMED_UNIT(*) SI_UNIT(.MILLI.,.METRE.) );
#2643 = ( NAMED_UNIT(*) PLANE_ANGLE_UNIT() SI_UNIT($,.RADIAN.) );
#2644 = ( NAMED_UNIT(*) SI_UNIT($,.STERADIAN.) SOLID_ANGLE_UNIT() );
#2645 = UNCERTAINTY_MEASURE_WITH_UNIT(LENGTH_MEASURE(2.E-05),#2642,
  'distance_accuracy_value','confusion accuracy');
#2646 = PRODUCT_RELATED_PRODUCT_CATEGORY('part',$,(#7));
#2647 = MECHANICAL_DESIGN_GEOMETRIC_PRESENTATION_REPRESENTATION('',(
    #2648),#2641);
#2648 = STYLED_ITEM('color',(#2649),#15);
#2649 = PRESENTATION_STYLE_ASSIGNMENT((#2650,#2656));
#2650 = SURFACE_STYLE_USAGE(.BOTH.,#2651);
#2651 = SURFACE_SIDE_STYLE('',(#2652));
#2652 = SURFACE_STYLE_FILL_AREA(#2653);
#2653 = FILL_AREA_STYLE('',(#2654));
#2654 = FILL_AREA_STYLE_COLOUR('',#2655);
#2655 = COLOUR_RGB('',0.494117641438,0.494117641438,0.525490220889);
#2656 = CURVE_STYLE('',#2657,POSITIVE_LENGTH_MEASURE(0.1),#2658);
#2657 = DRAUGHTING_PRE_DEFINED_CURVE_FONT('continuous');
#2658 = COLOUR_RGB('',9.803921802644E-02,9.803921802644E-02,
  9.803921802644E-02);
ENDSEC;
END-ISO-10303-21;
